ticker,NAME,description_kor,business,GPT_comment,GPT_update_info
000080 KS,HITE JINRO CO LTD,"하이트진로는 소주를 중심으로 한국의 증류주를 생산하는 회사입니다. 또한 와인, 위스키, 인삼주 등 다른 알코올 음료뿐만 아니라 미네랄 워터와 소프트 드링크와 같은 무알콜 음료도 생산 및 판매합니다. 또한 진로는 정보 처리 및 금융 서비스, 건설 서비스도 제공합니다.","['소주 생산', '알코올 음료 생산 및 판매', '무알콜 음료 생산 및 판매', '정보 처리 및 금융 서비스 제공', '건설 서비스 제공']","하이트진로는 한국의 대표적인 증류주 회사로, 소주를 중심으로 다양한 알코올 음료를 생산하고 판매합니다. 또한 무알콜 음료와 같은 다양한 제품 라인업을 갖추고 있으며, 정보 처리 및 금융 서비스, 건설 서비스도 제공하여 종합 음료 기업으로서의 입지를 갖추고 있습니다. 이 코멘트는 웹 상의 데이터로 학습한 거대한 언어 모델의 출력 결과입니다. 답변의 정확성을 보장할 수는 없습니다.",powered by gpt-3.5-turbo at 2023-06-30
000100 KS,YUHAN CORP,"유한은 다양한 의약품을 자체적으로 생산하고 전 세계적인 제약 기업들과 합작을 통해 마케팅하는 회사입니다. 또한 개인용품, 식품 보충제 및 수의학제품도 생산하고 있습니다.","['의약품 제조', '합작 제약사와의 마케팅', '개인용품 생산', '식품 보충제 생산', '수의학제품 생산']",유한은 의약품을 다양하게 생산하고 제약 기업들과의 합작을 통해 효과적인 마케팅을 진행하고 있어 장점이 있습니다. 그러나 경쟁적인 제약 시장에서 부정적인 영향을 받을 수 있는 가능성도 있습니다. 이 코멘트는 웹 상의 데이터로 학습한 거대한 언어 모델의 출력 결과입니다. 답변의 정확성을 보장할 수는 없습니다.,powered by gpt-3.5-turbo at 2023-06-29
000120 KS,CJ LOGISTICS,"CJ 로지스틱스는 물류 서비스를 제공하는 기업입니다. 회사는 육상운송, 해상운송, 항만 언로딩, 화물 보관, 국제 물류 처리 등의 서비스를 제공합니다. CJ 로지스틱스는 또한 인터넷 홈쇼핑 서비스도 제공합니다. CJ 로지스틱스는 전 세계 고객을 대상으로 서비스를 제공합니다.","['육상운송', '해상운송', '항만 언로딩', '화물 보관', '국제 물류 처리', '인터넷 홈쇼핑']","CJ 로지스틱스는 물류 서비스 제공에 있어 많은 경험과 전문성을 가지고 있으며, 다양한 서비스 항목과 전 세계 고객을 대상으로 활동하고 있습니다. 그러나 경쟁이 치열하고 빠른 기술 변화에 대응해야 하는 과제가 있을 수 있습니다. 이 코멘트는 웹 상의 데이터로 학습한 거대한 언어 모델의 출력 결과입니다. 답변의 정확성을 보장할 수는 없습니다.",powered by gpt-3.5-turbo at 2023-06-30
000150 KS,DOOSAN CO LTD,"두산은 다양한 제조 및 서비스 업체로 운영됩니다. 전자 부품 생산, 물류 장비 제조, 정보 기술 컨설팅 및 기타 사업을 수행합니다. 두산은 전 세계적으로 서비스를 제공합니다.",[],"두산은 다양한 사업 영역에서 활동하며, 전 세계적으로 서비스를 제공하는 인기 있는 기업입니다. 그러나 어떤 사업 분야에서는 경쟁이 치열할 수 있으며, 이에 대한 대응이 필요합니다. 그러나 장기적으로는 전체적으로 성장하는 산업에서 좋은 기회를 갖고 있을 것입니다. 이 코멘트는 웹 상의 데이터로 학습한 거대한 언어 모델의 출력 결과입니다. 답변의 정확성을 보장할 수는 없습니다.",powered by gpt-3.5-turbo at 2023-07-04
000210 KS,DL HOLDINGS CO LTD,"DL 홀딩스는 주로 토목 건축과 식물 건설 서비스를 제공합니다. 회사는 다리, 고속도로, 터널, 항만 및 정부 건물과 같은 구조물을 건설합니다. DL은 폴리에스터, 벤젠, 부틸알데하이드 및 메틸 티에르페이지터 부틸 에테르(MTBE)를 포함한 석유 화학 제품도 제조합니다.","['토목 건축 서비스', '식물 건설 서비스', '석유 화학 제품 제조']","DL 홀딩스는 다리, 고속도로, 터널과 같은 구조물 건설과 동시에 석유 화학 제품도 생산하는 기업입니다. 이는 다양한 사업 영역에 대한 다각화를 의미하지만, 동시에 시장의 변동성에 따른 위험을 가져올 수도 있습니다. 이 코멘트는 웹 상의 데이터로 학습한 거대한 언어 모델의 출력 결과입니다. 답변의 정확성을 보장할 수는 없습니다.",powered by gpt-3.5-turbo at 2023-06-30
000240 KS,HANKOOK & CO,"한국 앤드 컴퍼니는 홀딩 회사로 운영되며, 배터리 제조, 임대, 경영 컨설팅, 타이어 생산 및 기타 사업을 운영합니다. 한국은 전세계 서비스를 제공합니다.","['배터리 제조', '임대', '경영 컨설팅', '타이어 생산', '기타 사업']","한국 앤드 컴퍼니는 다양한 사업 분야에서 활동하며, 배터리 제조, 임대, 경영 컨설팅, 타이어 생산 등을 주요 사업으로 경영하고 있습니다. 이 기업의 장점은 다양한 사업 영역에서의 경쟁력과 글로벌 서비스를 제공한다는 점입니다. 그러나 산업의 변화에 따른 도전과 경쟁력 유지를 위한 노력이 필요합니다. 이 코멘트는 웹 상의 데이터로 학습한 거대한 언어 모델의 출력 결과입니다. 답변의 정확성을 보장할 수는 없습니다.",powered by gpt-3.5-turbo at 2023-06-30
000270 KS,KIA CORP,"Kia 산업은 승용차, 미니버스, 트럭 및 상용 차량을 제조, 판매 및 수출한다. 또한 세하 전기 및 연료 전지 기술을 사용하여 자동차 부품 및 도구를 제조한다. Kia는 제품을 전 세계적으로 마케팅한다.","['승용차 제조', '미니버스 제조', '트럭 제조', '상용 차량 제조', '자동차 부품 및 도구 제조']","KIA CORP은 승용차, 미니버스, 트럭 및 상용 차량 제조, 판매 및 수출에 참여하고 있으며 하이브리드 전기 및 연료 전지 기술을 사용하여 자동차 부품 및 도구를 제조합니다. 이 기업은 전 세계적으로 제품을 마케팅하고 있지만 경쟁력이 높은 시장에서 경쟁해야 합니다. 세계적으로 인정받는 기업이지만 지속적인 혁신과 경영 전반에 주의해야 할 필요가 있습니다. 이 코멘트는 웹 상의 데이터로 학습한 거대한 언어 모델의 출력 결과입니다. 답변의 정확성을 보장할 수는 없습니다.",powered by gpt-3.5-turbo at 2023-06-30
000660 KS,SK HYNIX INC,"SK hynix는 전자 부품 산업을 위한 제품과 서비스를 제공합니다. 회사는 다이나믹 랜덤 액세스 메모리(DRAM), NAND 플래시 메모리 및 스태틱 랜덤 액세스 메모리(SRAM) 칩과 같은 반도체를 생산합니다.",['반도체 제조'],SK hynix는 반도체 제조 분야에서 주요 선도 기업으로 인정받고 있습니다. 그러나 경쟁이 치열하며 기술 업계의 변화에 따른 도전도 많습니다. 이 코멘트는 웹 상의 데이터로 학습한 거대한 언어 모델의 출력 결과입니다. 답변의 정확성을 보장할 수는 없습니다.,powered by gpt-3.5-turbo at 2023-06-29
000670 KS,YOUNG POONG CORPORATION,"영풍은 아연 성인과 황산, 카드뮴 등 비철금속을 생산 및 판매하는 기업입니다. 또한 건물 임대 사업을 통해 수입을 창출하고 있습니다.","['비철금속 생산', '판매', '건물 임대']","영풍은 비철금속 생산과 판매와 함께 건물 임대 사업으로 수입을 창출하는 기업입니다. 이 기업은 비철금속 시장에서 경쟁력을 가지고 있지만, 다양한 사업 영역에 높은 투자 비용과 위험이 존재합니다. 하지만 건물 임대 사업을 통해 안정적인 수입을 확보하고 있습니다. 이 코멘트는 웹 상의 데이터로 학습한 거대한 언어 모델의 출력 결과입니다. 답변의 정확성을 보장할 수는 없습니다.",powered by gpt-3.5-turbo at 2023-06-30
000720 KS,HYUNDAI ENGINEERING & CONST,"현대엔지니어링앤컨스트럭션은 총괄 건설 회사로써, 토목, 건축, 산업, 전기 공학 서비스를 제공합니다. 회사는 도로, 댐, 다리, 항구, 산업 시설, 아파트 단지, 문화 시설 등을 건설합니다.","['토목 공학', '건축', '산업', '전기 공학']","현대엔지니어링앤컨스트럭션은 건설 분야에서 폭넓은 경험을 갖고 있으며, 토목, 건축, 산업, 전기 공학 등 다양한 서비스를 제공합니다. 이 기업은 도로, 다리, 항구, 산업 시설 등을 건설하는 데에도 능숙합니다. 하지만 경쟁이 치열한 산업이므로 기술 혁신과 현대화에 대한 노력이 필요합니다. 이 코멘트는 웹 상의 데이터로 학습한 거대한 언어 모델의 출력 결과입니다. 답변의 정확성을 보장할 수는 없습니다.",powered by gpt-3.5-turbo at 2023-06-30
000810 KS,SAMSUNG FIRE & MARINE INS,"삼성화재는 자동차, 화재, 해상, 재물, 책임, 건강, 여가 및 연금 상품과 서비스를 제공하는 보험 서비스 회사입니다. 삼성화재는 한국 고객을 대상으로 서비스를 제공합니다.",['보험 서비스'],"삼성화재는 한국에서 보험 서비스를 제공하는 회사로, 다양한 상품과 서비스를 제공하여 다양한 고객들의 보호를 도와줍니다. 그러나 시장 경쟁이 치열하고 리스크 관리가 중요한 업종이기 때문에 안정성과 신뢰성을 높이는 노력이 필요합니다. 이 코멘트는 웹 상의 데이터로 학습한 거대한 언어 모델의 출력 결과입니다. 답변의 정확성을 보장할 수는 없습니다.",powered by gpt-3.5-turbo at 2023-06-30
000880 KS,HANWHA CORPORATION,한화금융,"['폴리실리콘 사업', '디스플레이 소재 사업', '반도체 사업', '석유화학 사업', '태양광 사업']","한화금융은 폴리실리콘, 디스플레이 소재, 반도체, 석유화학, 태양광 등 다양한 사업을 전문으로 하는 기업입니다. 장점으로는 다양한 사업 분야에서 경험과 전문성을 갖추고 있으며, 석유화학 사업을 통해 안정적인 수익을 올릴 수 있습니다. 단점으로는 경쟁사와의 경쟁력 강화가 필요하며, 글로벌 시장에서의 경쟁에 대비해야 합니다. 그러나 꾸준한 성장과 다각화된 사업 포트폴리오를 바탕으로 앞으로도 성공할 것으로 기대됩니다. 이 코멘트는 웹 상의 데이터로 학습한 거대한 언어 모델의 출력 결과입니다. 답변의 정확성을 보장할 수는 없습니다.",powered by gpt-3.5-turbo at 2023-06-30
000990 KS,DB HITEK CO LTD,"DB HITEK CO LTD는 반도체 제품을 제조 및 유통하는 회사입니다. 이 회사는 비용 효율적인 CMOS 이미지 센서, LCD 드라이버 IC 장치 및 기타 관련 제품을 생산합니다. DB HITEK는 전 세계에 제품을 마케팅하고 있습니다.","['반도체 제조', '제품 유통']",DB HITEK CO LTD의 장점은 반도체 제조 및 유통 분야에서의 오랜 경험과 폭넓은 제품 라인업입니다. 그러나 경쟁이 치열한 산업이기 때문에 새로운 기술과 시장 동향에 대한 능력을 강화해야 합니다. 이 코멘트는 웹 상의 데이터로 학습한 거대한 언어 모델의 출력 결과입니다. 답변의 정확성을 보장할 수는 없습니다.,powered by gpt-3.5-turbo at 2023-06-29
001040 KS,CJ CORP,"CJ 산업은 투자지주회사로서 운영됩니다. 계열사를 통해 가공 식품 제품을 제조 및 유통합니다. CJ는 생물 사업, 홈쇼핑 방송, 글로벌 K-Pop 방송국, 물류 사업, 영화관 등 다양한 사업을 운영합니다.","['가공 식품 제조', '생물 사업', '홈쇼핑 방송', 'K-Pop 방송국', '물류 사업', '영화관 등 다른 사업']","CJ 산업은 투자지주회사로써 다양한 사업을 운영하고 있습니다. 가공 식품 제조, 생물 사업, 홈쇼핑 방송, K-Pop 방송국, 물류 사업, 영화관 등 다른 사업의 광범위한 포트폴리오를 가지고 있습니다. 이는 다양한 비즈니스 영역에서의 많은 기회를 제공하지만, 산업 간의 경쟁과 다양한 사업 분야의 동시 관리로 인해 전략 및 실행의 조정이 필요합니다. 이 코멘트는 웹 상의 데이터로 학습한 거대한 언어 모델의 출력 결과입니다. 답변의 정확성을 보장할 수는 없습니다.",powered by gpt-3.5-turbo at 2023-06-30
001120 KS,LX INTERNATIONAL CORP,"LX INTERNATIONAL CORP는 상품 거래 및 광업 회사입니다. 회사는 석탄, 석유, 가스, 비철금속, 야자유 등을 개발 및 거래합니다. LX INTERNATIONAL은 IT 관련 부품 / 장비, 석유화학 및 강철 제품도 거래합니다.","['상품 거래', '광업', 'IT 부품/장비 거래', '석유화학', '강철 제품']",LX INTERNATIONAL CORP는 다양한 상품 거래 및 광업을 통해 다양한 사업 분야에 진출하고 있습니다. 그러나 다른 기업들과 경쟁하면서 기술력을 강화하고 글로벌 시장에서의 경쟁력을 향상시켜야 하는 단점이 있습니다. 이 코멘트는 웹 상의 데이터로 학습한 거대한 언어 모델의 출력 결과입니다. 답변의 정확성을 보장할 수는 없습니다.,powered by gpt-3.5-turbo at 2023-07-04
001230 KS,DONGKUK HOLDINGS CO LTD,"동국 홀딩스 주식회사는 강철 제품을 제조 및 배급하는 기업입니다. 본사의 제품으로는 두꺼운 판재, 강철 바, 강판, 단조강, 각, 채널, 플랫철 등이 있습니다. 동국 홀딩스는 한국 내외로 제품을 유통시킵니다.","['강철 제조', '제품 유통']",동국 홀딩스 주식회사는 강철 제조 및 유통사로서 안정적인 수익성과 경쟁력을 지닌 기업입니다. 그러나 산업 환경의 변화에 대한 대응력과 새로운 기술 도입에 대한 적응력이 부족할 수 있습니다. 이 코멘트는 웹 상의 데이터로 학습한 거대한 언어 모델의 출력 결과입니다. 답변의 정확성을 보장할 수는 없습니다.,powered by gpt-3.5-turbo at 2023-06-30
001440 KS,TAIHAN ELECTRIC WIRE CO LTD,"TAIHAN ELECTRIC WIRE CO LTD는 전력, 통신, 구리 철강, 도금 전선 등 다양한 종류의 케이블과 전선을 제조합니다. 또한 스테인레스 스틸 시트와 코일, 시트, 플레이트를 포함한 알루미늄 제품도 생산합니다. 또한 TAIHAN ELECTRIC은 광전송 및 네트워크 시스템과 같은 정보 통신 장비도 제공합니다.","['전력 케이블과 전선 제조', '통신 케이블과 전선 제조', '구리 철강 제조', '도금 케이블과 전선 제조', '스테인레스 스틸 시트 제조', '알루미늄 제품 제조', '정보 통신 장비 제공']","TAIHAN ELECTRIC WIRE CO LTD는 케이블 및 전선 제조에 주력하고 있으며 다양한 제품 라인업을 보유하고 있습니다. 그들의 강점은 산업의 다양한 부문에 걸처 다양한 제품을 제공한다는 것이며, 그와 동시에 경쟁력 있는 제품과 서비스를 제공합니다. 그러나 산업 경쟁이 치열하기 때문에 지속적인 혁신과 시장 변화에 대한 민감성이 필요합니다. 이 코멘트는 웹 상의 데이터로 학습한 거대한 언어 모델의 출력 결과입니다. 답변의 정확성을 보장할 수는 없습니다.",powered by gpt-3.5-turbo at 2023-06-30
001450 KS,HYUNDAI MARINE & FIRE INS CO,"현대해상은 자동차, 화재, 해상, 종합, 책임, 레저, 여행, 연금, 의료 보험을 포함한 재산과 사고 보험을 제공하는 보험회사입니다.","['자동차 보험', '화재 보험', '해상 보험', '종합 보험', '책임 보험', '레저 보험', '여행 보험', '연금 보험', '의료 보험']","현대해상은 한국에서 가장 큰 보험회사 중 하나입니다. 전국적으로 널리 알려져 있으며 다양한 보험 상품을 제공하고 있습니다. 주요 장점은 신뢰성과 안정성이며, 고객들에게 강력한 보상 서비스를 제공하고 있습니다. 그러나 인터넷 보험 시장에서의 경쟁력은 약간 떨어질 수 있습니다. 그러나 현대해상은 계속해서 혁신과 기술 개발에 투자하고 있으므로 앞으로 더욱 성장할 것으로 예상됩니다. 이 코멘트는 웹 상의 데이터로 학습한 거대한 언어 모델의 출력 결과입니다. 답변의 정확성을 보장할 수는 없습니다.",powered by gpt-3.5-turbo at 2023-06-30
001680 KS,DAESANG CORPORATION,"대상은 식품 향신료, 발효 식품, 감미료, 전분, 커피, 사료 및 대량 제약 원료를 생산한다. 또한 상업 건물, 인프라 및 환경 시설을 건설한다.","['식품 향신료 제조', '발효 식품 제조', '감미료 제조', '전분 제조', '커피 제조', '사료 제조', '대량 제약 원료 제조', '상업 건물 건설', '인프라 건설', '환경 시설 건설']","대상은 다양한 제품 라인에서 경험과 전문 지식을 바탕으로 안정적인 성장을 이뤄냈다. 특히 식품 향신료 및 발효 식품 시장에서 강점을 가지며, 고객들에게 신뢰받는 기업으로 알려져 있다. 그러나 경쟁이 치열한 사업 환경에서 선진 기술과 혁신을 통해 경쟁력을 유지해야 할 필요가 있다. 이 코멘트는 웹 상의 데이터로 학습한 거대한 언어 모델의 출력 결과입니다. 답변의 정확성을 보장할 수는 없습니다.",powered by gpt-3.5-turbo at 2023-06-30
001740 KS,SK NETWORKS CO LTD,"SK Networks는 모바일 장치 유통업체로서, 휴대전화와 인 커넥터 테스터 기기를 마케팅한다. 동사는 또한 통합 물류 사업, 에너지 및 화학, 강철 및 자동차 제품 글로벌 무역, 자동차 임대 및 유지 관리, 기타 사업을 수행한다.","['모바일 장치 유통', '통합 물류', '에너지 및 화학', '강철 및 자동차 제품 글로벌 무역', '자동차 임대 및 유지 관리', '기타 사업']","SK Networks는 모바일 장치 유통업체로서 강점은 다양한 사업분야에서 활동하고 있어서 경쟁력이 강하다고 할 수 있지만, 다른 다양한 사업 분야에서 경쟁자들과의 경쟁도 치열하다. 그러나 동사는 유망한 성장 산업에 진출하고 있어서 미래에 대한 전망도 밝다. 이 코멘트는 웹 상의 데이터로 학습한 거대한 언어 모델의 출력 결과입니다. 답변의 정확성을 보장할 수는 없습니다.",powered by gpt-3.5-turbo at 2023-06-30
001800 KS,ORION HOLDINGS CORP,"오리온 홀딩스는 스낵 제품을 제조하는 회사입니다. 회사는 캔디, 껌, 초콜릿, 파이 등을 생산 및 판매하며, 또한 스마트 시스템을 개발합니다. 오리온 홀딩스는 전 세계 고객을 대상으로 사업을 진행하고 있습니다.","['스낵 제조', '캔디 생산 및 판매', '껌 생산 및 판매', '초콜릿 생산 및 판매', '파이 생산 및 판매', '스마트 시스템 개발']","오리온 홀딩스는 스낵 제조 분야에서 세계적인 인지도를 가지고 있으며, 캔디, 껌, 초콜릿, 파이 등 다양한 제품을 성공적으로 생산하고 판매하고 있습니다. 또한 스마트 시스템 개발 역시 성과를 내고 있는데, 하지만 경쟁이 치열한 산업이기 때문에 새로운 아이디어와 혁신적인 접근이 필요합니다. 아울러 고객의 변화하는 니즈와 시장 동향을 예측하고 신속하게 대응할 수 있는 능력도 중요합니다. 이 코멘트는 웹 상의 데이터로 학습한 거대한 언어 모델의 출력 결과입니다. 답변의 정확성을 보장할 수는 없습니다.",powered by gpt-3.5-turbo at 2023-06-30
002380 KS,KCC CORP,"KCC 코퍼레이션은 도료 및 관련 제품, 시멘트 와포, 유리 섬유 매트 및 보드, 파이프 커버, PVC 창틀, 도료, 고온용 세라믹 섬유 등을 제조하는 기업입니다. 또한, 글라스 파이버, 플로트 글라스, 패턴 글라스, 안전 강화 유리 및 긴 글라스 파이버 등 다양한 유리를 생산합니다.","['도료 제조', '건설 자재 제조', '유리 제조']","KCC 코퍼레이션은 다양한 제품 라인업을 갖춘 기업으로, 도료, 건설 자재, 유리 등 다양한 분야에서 제조를 하고 있습니다. 특히, 고온용 세라믹 섬유 등의 혁신 제품으로 시장에서 주목받고 있으며, 도료 제조 분야에서도 품질과 기능성이 인정받고 있습니다. 그러나 경쟁이 치열한 산업이기 때문에 시장 점유율 확대와 새로운 성장 동력을 찾는 데는 노력이 필요합니다. 이 코멘트는 웹 상의 데이터로 학습한 거대한 언어 모델의 출력 결과입니다. 답변의 정확성을 보장할 수는 없습니다.",powered by gpt-3.5-turbo at 2023-07-04
002790 KS,AMOREPACIFIC GROUP,AMOREPACIFIC 그룹은 투자지주회사입니다. 회사는 자회사를 통해 화장품과 세면용품을 생산합니다.,[],"AMOREPACIFIC 그룹은 화장품 및 세면용품을 생산하는데 주력하고 있으며, 경쟁력 있는 제품 라인업과 높은 브랜드 인지도를 가지고 있습니다. 하지만 화장품 시장의 경쟁이 치열하고 트렌드의 변화에 빠르게 대응해야 하는 도전을 겪고 있습니다. 그러나 창업 이래 오랜 역사와 다양한 제품 라인으로 안정적인 성과를 거둘 가능성이 있습니다. 이 코멘트는 웹 상의 데이터로 학습한 거대한 언어 모델의 출력 결과입니다. 답변의 정확성을 보장할 수는 없습니다.",powered by gpt-3.5-turbo at 2023-06-30
003090 KS,DAEWOONG CO LTD,"대웅은 생명공학, 마케팅 시스템 및 의료 관련 기업을 운영하는 투자 지주회사입니다. 회사는 또한 의약품을 투자하고 개발합니다.","['생명공학', '마케팅 시스템', '의료 관련 기업', '의약품 투자 및 개발']","대웅은 다양한 사업 영역에 투자하고 있으며, 생명공학 분야에서는 강점을 가지고 있습니다. 하지만 마케팅 시스템 및 의료 관련 기업 분야에서는 경쟁이 치열하고 약물 개발 분야에서는 추가적인 연구 개발이 필요합니다. 이 코멘트는 웹 상의 데이터로 학습한 거대한 언어 모델의 출력 결과입니다. 답변의 정확성을 보장할 수는 없습니다.",powered by gpt-3.5-turbo at 2023-06-29
003230 KS,SAMYANG FOODS CO LTD,"삼양식품은 인스턴트 식품과 가공 식품 제품을 생산하는 회사로, 면, 과자, 식용유 및 사료 등이 포함되어 있습니다. 또한 회사는 우유, 치즈, 아이스크림 등의 유제품도 생산합니다.","['인스턴트 식품 제조', '가공 식품 제조', '유제품 생산']","삼양식품은 다양한 인스턴트 식품과 가공 식품 제품을 제공하며, 또한 다양한 유제품도 판매하고 있습니다. 이 기업의 장점은 다양한 제품 라인업과 고객들에게 다양한 선택을 제공하는 능력입니다. 그러나 경쟁이 치열한 식품 시장에서 새로운 제품 개발과 마케팅 전략 강화에 주의를 기울여야 할 필요가 있습니다. 이 코멘트는 웹 상의 데이터로 학습한 거대한 언어 모델의 출력 결과입니다. 답변의 정확성을 보장할 수는 없습니다.",powered by gpt-3.5-turbo at 2023-06-30
003240 KS,TAEKWANG INDUSTRIAL CO LTD,"태광산업은 합성사, 석유화학제품, 직물을 생산하는 기업이다. 제품은 아크릴사, 나일론, 스판덱스, 탄소섬유, 수평사, 폴리에스터 소재 및 담요 등이 있다. 또한 음향기기 및 무선 전화기 같은 전기장비도 생산한다. 추가적으로 부동산 사업도 운영하고 있다.","['합성사 제조', '석유화학제품 제조', '직물 제조', '음향기기 및 무선 전화기 제조', '부동산 사업']","태광산업은 다양한 합성사와 석유화학 원료 제조로 유명한 기업이다. 그러나 직물 및 음향기기 및 무선 전화기 제조 분야에서도 활발한 활동을 보이며, 다양한 사업 영역에서 성과를 내고 있다. 그러나 태광산업은 전 세계적인 경쟁 환경에서 맞서 싸우고 있으며, 경기 변동성에 민감하게 반응한다. 이 코멘트는 웹 상의 데이터로 학습한 거대한 언어 모델의 출력 결과입니다. 답변의 정확성을 보장할 수는 없습니다.",powered by gpt-3.5-turbo at 2023-06-30
003410 KS,SSANGYONG C&E CO LTD,"SSANGYONG C&E. Co.,Ltd.는 시멘트와 미리 섞은 콘크리트를 생산합니다. 회사는 또한 산업용으로 사용되는 고급 세라믹과 오디오 장비 구성 요소로 사용되는 페라이트 자석을 제조합니다. SSANGYONG C&E는 주택, 공장 공학, 환경 자원 및 레저 사업을 개발합니다.","['시멘트 생산', '미리 섞은 콘크리트 생산', '고급 세라믹 제조', '페라이트 자석 제조', '주택 개발', '공장 공학', '환경 자원 개발', '레저 사업']","SSANGYONG C&E는 시멘트 및 콘크리트 생산에서 경쟁력을 갖고 있으며, 고급 세라믹과 페라이트 자석 분야에서도 주목할만한 성과를 거둡니다. 그러나 기업은 주택, 공장 공학, 환경 자원과 레저 사업 분야에서도 경쟁력을 강화해야 합니다. 이 코멘트는 웹 상의 데이터로 학습한 거대한 언어 모델의 출력 결과입니다. 답변의 정확성을 보장할 수는 없습니다.",powered by gpt-3.5-turbo at 2023-06-30
003490 KS,KOREAN AIR LINES CO LTD,"대한항공은 항공 운송 서비스를 제공하는 한국의 항공사입니다. 회사의 서비스에는 여객과 화물 운송, 항공기 유지 보수 및 항공 케이터링이 포함됩니다. 대한항공은 국내외 항공 서비스를 제공합니다.","['여객 운송', '화물 운송', '항공기 유지 보수', '항공 케이터링']","대한항공은 한국의 항공사로, 여객 및 화물 운송, 항공기 유지 보수 및 항공 케이터링 서비스를 제공합니다. 이 회사는 국내외 항공 서비스에 강점을 가지고 있지만, 경쟁이 치열하고 시장 변동성이 높은 업계에서 운영되기 때문에 안정성과 수익성을 유지하기 위해 계속해서 노력해야 합니다. 이 코멘트는 웹 상의 데이터로 학습한 거대한 언어 모델의 출력 결과입니다. 답변의 정확성을 보장할 수는 없습니다.",powered by gpt-3.5-turbo at 2023-06-30
003550 KS,LG CORP,"LG Corp는 LG전자, LG생활건강, LG화학, 다콤 등 자회사를 운영하는 지주회사입니다. 주요 사업 영역은 전자제품, 화학물질, 생활용품 제조 및 통신 서비스입니다.","['electronics', 'chemicals', 'household products manufacturing', 'telecommunications services']","LG Corp는 전자제품, 화학물질, 생활용품 제조 및 통신 서비스를 핵심 사업으로 하는 회사입니다. 그러나 경쟁이 치열하고 산업 환경의 변화에 민감하게 반응해야 하는 한편, 다양한 부문에서 성공적인 사업 영역을 가지고 있습니다. 또한, 다른 자회사와의 협력을 통해 시너지를 창출할 수 있는 장점을 가지고 있습니다. 그러나 경영자의 비전과 미래 성장 동력에 대한 투자에 대한 논의가 더 필요해 보입니다. 이 코멘트는 웹 상의 데이터로 학습한 거대한 언어 모델의 출력 결과입니다. 답변의 정확성을 보장할 수는 없습니다.",powered by gpt-3.5-turbo at 2023-06-30
003670 KS,POSCO FUTURE M CO LTD,"POSCO FUTURE M 주식회사는 에너지 소재를 제조 및 유통합니다. 이 회사는 배터리 소재, 고급 화학 소재, 기본 산업 재료 및 관련 제품을 생산합니다. POSCO FUTURE M은 또한 석회 화학 및 내화물 제품도 생산합니다.","['배터리 소재 제조', '고급 화학 소재 제조', '기본 산업 재료 생산', '관련 제품 생산', '석회 화학 및 내화물 생산']",POSCO FUTURE M 주식회사의 장점은 에너지 소재 제조 및 유통 분야에서의 경험과 다양한 제품 라인업입니다. 그러나 이 회사의 단점은 전략적인 마케팅 및 글로벌 시장 확장에 대한 노력이 부족할 수 있다는 점입니다. 이 코멘트는 웹 상의 데이터로 학습한 거대한 언어 모델의 출력 결과입니다. 답변의 정확성을 보장할 수는 없습니다.,powered by gpt-3.5-turbo at 2023-06-30
003850 KS,BORYUNG,"보르영은 제약 제조 회사로, 카나브, 스토가르, 맥시피므, 젬자르, 제넥솔, 제로다와 같은 항생제, 암 치료제, 처방약 및 관련 제품을 생산합니다. 보르영은 제품을 전 세계로 판매합니다.",[],보르영은 전 세계적으로 제품을 판매하는 제약 제조 기업입니다. 그러나 사업 내용에 대한 추가 정보가 필요합니다. 이 코멘트는 웹 상의 데이터로 학습한 거대한 언어 모델의 출력 결과입니다. 답변의 정확성을 보장할 수는 없습니다.,powered by gpt-3.5-turbo at 2023-06-29
004000 KS,LOTTE FINE CHEMICAL CO LTD,"롯데 파인켐은 일반 및 고도로 정제된 화학 물질을 생산합니다. 회사는 암모니아, 에피클로로하이드린, 소다옥수, 디메틸포름아미드를 생산합니다. 롯데 파인켐은 또한 의약품 및 도료 제조에 사용되는 화학 물질을 제조합니다.","['암모니아 생산', '에피클로로하이드린 생산', '소다옥수 생산', '디메틸포름아미드 생산', '의약품 제조에 사용되는 화학 물질 생산', '도료 제조에 사용되는 화학 물질 생산']","롯데 파인켐은 일반 및 정밀 화학물질을 생산하며, 그것들은 다양한 산업 분야에 사용됩니다. 기업의 강점은 다양한 화학 물질을 생산할 수 있는 다각화된 제조 역량과 소비자 요구에 대응하기 위한 뛰어난 연구 및 개발 능력입니다. 그러나 경쟁이 치열한 화학 산업에서 경영 확장과 시장 선점에 대한 적극적인 전략 수립이 필요합니다. 이 코멘트는 웹 상의 데이터로 학습한 거대한 언어 모델의 출력 결과입니다. 답변의 정확성을 보장할 수는 없습니다.",powered by gpt-3.5-turbo at 2023-07-04
004020 KS,HYUNDAI STEEL CO,"현대제철은 다양한 종류의 강철 제품을 제조하는 기업입니다. 회사는 강철 바, H-빔 및 핫연압강판, 냉연압강판 등 다른 종류의 강철 시트 제품을 생산합니다. 현대제철은 국내외 시장에 제품을 판매합니다.","['강철 바 생산', 'H-빔 생산', '핫연압강판 생산', '냉연압강판 생산', '다른 종류의 강철 시트 제품 생산']","현대제철은 전문적이고 다양한 종류의 강철 제품을 제조하여 국내외 시장에 판매한다. 현대제철의 장점은 다양한 제품 라인업과 고품질의 제품을 제공하는 것이며, 단점은 경쟁이 치열한 강철 시장에서 경쟁력을 유지하기 위해서는 지속적인 혁신과 비용 절감을 해야 한다는 것이다. 이 코멘트는 웹 상의 데이터로 학습한 거대한 언어 모델의 출력 결과입니다. 답변의 정확성을 보장할 수는 없습니다.",powered by gpt-3.5-turbo at 2023-06-30
004170 KS,SHINSEGAE INC,"신세계는 대한민국에서 백화점을 운영하는 기업입니다. 식품, 의류, 생활용품, 전자제품 등과 같은 다양한 상품을 여러 지점에서 판매합니다.","['백화점 운영', '식품 판매', '의류 판매', '생활용품 판매', '전자제품 판매']","신세계는 대한민국에서 백화점을 운영하는 기업으로, 다양한 상품을 판매하여 다른 기업들에 비해 경쟁력을 가지고 있습니다. 하지만 경제적 불황이나 소비자 심리 변화에 영향을 받을 수 있는 한계도 있을 것입니다. 이 코멘트는 웹 상의 데이터로 학습한 거대한 언어 모델의 출력 결과입니다. 답변의 정확성을 보장할 수는 없습니다.",powered by gpt-3.5-turbo at 2023-06-30
004370 KS,NONGSHIM CO LTD,"농심은 즉석면, 과자 및 음료를 제조 및 판매하는 기업입니다. 또한 정제된 팜유와 식품 원료를 생산합니다.",[],농심은 신속하게 성장하는 퓨처 푸드 산업의 선두 주자입니다. 그러나 경쟁력 있는 시장에서 혁신과 창의성이 필요한 도전도 함께 합니다. 이 코멘트는 웹 상의 데이터로 학습한 거대한 언어 모델의 출력 결과입니다. 답변의 정확성을 보장할 수는 없습니다.,powered by gpt-3.5-turbo at 2023-06-30
004490 KS,SEBANG GLOBAL BATTERY CO LTD,"세방글로벌배터리는 자동차, 오토바이, 전기차 및 굴삭기 및 불도저와 같은 산업용 기계에 사용되는 저장용 배터리를 제조하는 회사이다. 이 회사는 국내외 시장에 제품을 제공한다.","['자동차용 배터리 제조', '오토바이용 배터리 제조', '전기차용 배터리 제조', '산업용 기계용 배터리 제조']","세방글로벌배터리는 저장용 배터리를 제조하는 전문 회사로, 자동차, 오토바이, 전기차 및 산업용 기계에 사용된다. 이 회사는 제품을 국내외 시장에 제공하며, 다양한 시장에서 경쟁력을 갖추고 있다. 그러나, 계속해서 새로운 기술과 경쟁사로부터의 경쟁에 대처해야 하는 과제가 있다. 이 코멘트는 웹 상의 데이터로 학습한 거대한 언어 모델의 출력 결과입니다. 답변의 정확성을 보장할 수는 없습니다.",powered by gpt-3.5-turbo at 2023-06-30
004800 KS,HYOSUNG CORPORATION,"효성은 섬유 제품을 제조하고 유통합니다. 회사는 테리렌, 비스코스 섬유, 탄소 섬유, 아세트 섬유 및 기타 관련 제품을 생산합니다. 효성은 또한 직물, 중공업, 산업 재료, 화학물질 및 기타 사업을 운영합니다.","['섬유 제조', '직물', '중공업', '산업 재료', '화학물질']","효성은 다양한 제품군을 다루며 섬유 제조, 직물, 중공업, 산업 재료, 화학물질 등 다양한 사업 영역에서 활동하고 있습니다. 그러나 이로 인해 경쟁이 치열해지는 동시에 다양한 기반을 가지고 있어 미래 성장 가능성이 높은 기업입니다. 그러나 글로벌 시장에서 경쟁력을 유지하기 위해서는 지속적인 혁신과 효율성 향상이 필요합니다. 이 코멘트는 웹 상의 데이터로 학습한 거대한 언어 모델의 출력 결과입니다. 답변의 정확성을 보장할 수는 없습니다.",powered by gpt-3.5-turbo at 2023-06-30
004990 KS,LOTTE CORP,"롯데 산업은 식품 제조 회사로 운영됩니다. 회사는 껌, 캔디 제품, 비스킷, 초콜릿, 페이스트리 및 기타 제품을 생산 및 판매합니다. 롯데는 제품을 전 세계적으로 마케팅합니다.",['식품 제조'],"롯데 산업은 식품 제조 회사로서 껌, 캔디 제품, 비스킷, 초콜릿, 페이스트리 등 다양한 제품을 제조하여 판매하고 있습니다. 그러나 전세계적으로 경쟁이 치열하고 시장 점유율 확대 및 새로운 제품 개발에 대한 더 많은 투자가 필요합니다. 이 코멘트는 웹 상의 데이터로 학습한 거대한 언어 모델의 출력 결과입니다. 답변의 정확성을 보장할 수는 없습니다.",powered by gpt-3.5-turbo at 2023-06-30
005250 KS,GREEN CROSS HOLDINGS CORP,"그린 크로스 홀딩스는 제약, 생명 공학, 유통 시스템, 생명 보험 및 의료 업체를 운영하는 지주 회사입니다. 이 회사는 또한 생명 공학 벤처 자본에 투자하고 의학 연구 정보를 마케팅합니다.","['제약', '생명 공학', '유통 시스템', '생명 보험', '의료 업체']","그린 크로스 홀딩스 기업은 다양한 사업 분야에 진출하고 있으며, 제약, 생명 공학, 유통 시스템, 생명 보험 및 의료 업체를 운영하고 있습니다. 이는 다양한 수익원을 확보할 수 있는 장점이지만, 여러 산업에 걸친 사업 영역으로 인해 특정 분야에 대한 전문성이 부족할 수 있습니다. 이 코멘트는 웹 상의 데이터로 학습한 거대한 언어 모델의 출력 결과입니다. 답변의 정확성을 보장할 수는 없습니다.",powered by gpt-3.5-turbo at 2023-06-29
005300 KS,LOTTE CHILSUNG BEVERAGE CO,"롯데칠성은 탄산음료, 과즙음료, 두유 음료, 차류 및 전통 건강 음료 등의 알코올과 비알코올 음료를 생산하는 기업입니다.",[],롯데칠성은 다양한 음료 제품을 생산하여 시장에서 폭넓은 인지도를 가지고 있습니다. 그러나 경쟁사와의 경쟁력 유지와 신제품 개발에 노력이 필요합니다. 이 코멘트는 웹 상의 데이터로 학습한 거대한 언어 모델의 출력 결과입니다. 답변의 정확성을 보장할 수는 없습니다.,powered by gpt-3.5-turbo at 2023-06-30
005380 KS,HYUNDAI MOTOR CO,"현대자동차는 승용차, 트럭 및 상용차를 제조, 판매 및 수출한다. 또한 자동차 부품을 다양하게 판매하며 전국에 자동차 정비 서비스 센터를 운영한다. 현대자동차는 자회사를 통해 금융 서비스도 제공한다.","['Manufacturing and selling passenger cars', 'Manufacturing and selling trucks', 'Manufacturing and selling commercial vehicles', 'Selling auto parts', 'Operating auto repair service centers', 'Providing financial services through subsidiaries']",현대자동차의 장점은 승용차 및 상용차의 다양한 제품 라인업과 글로벌 시장에서의 성공적인 수출이다. 그러나 다른 경쟁사와의 치열한 경쟁과 환경문제에 대한 대응이 필요하다. 이 코멘트는 웹 상의 데이터로 학습한 거대한 언어 모델의 출력 결과입니다. 답변의 정확성을 보장할 수는 없습니다.,powered by gpt-3.5-turbo at 2023-06-30
005490 KS,POSCO HOLDINGS INC,"POSCO Holdings Inc는 철강 제품을 제조 및 배급합니다. 회사는 원자재 강, 열간압연강, 냉간압연강, 스테인리스강, 강판, 와이어로드, 아연 도금강, 전기강 및 기타 관련 제품을 생산합니다. POSCO Holdings는 제품을 전 세계적으로 판매하고 있습니다.","['철강 제조', '철강 배급']",POSCO Holdings Inc의 장점은 철강 제품의 다양성과 전 세계적인 시장 점유율입니다. 그러나 경쟁력 있는 시장에서 사업 진행은 어려울 수 있습니다. 이 코멘트는 웹 상의 데이터로 학습한 거대한 언어 모델의 출력 결과입니다. 답변의 정확성을 보장할 수는 없습니다.,powered by gpt-3.5-turbo at 2023-06-30
005830 KS,DB INSURANCE CO LTD,"DB 보험은 자동차 보험, 장기위해 보험, 재물 보험, 화재 및 해상 보험 등 보험 서비스를 제공하는 기업입니다. DB 보험은 대한민국에서 서비스를 제공합니다.","['자동차 보험', '장기 위해 보험', '재물 보험', '화재 및 해상 보험', '기타 서비스']",DB 보험은 다양한 보험 서비스를 제공하는 대한민국의 기업입니다. 그들의 장점은 다양한 보험 옵션을 제공하고 광범위한 서비스 영역에 걸쳐 있는 것입니다. 그러나 단점으로는 시장 경쟁이 치열하고 경제 환경 변동에 민감할 수 있습니다. 이 코멘트는 웹 상의 데이터로 학습한 거대한 언어 모델의 출력 결과입니다. 답변의 정확성을 보장할 수는 없습니다.,powered by gpt-3.5-turbo at 2023-06-30
005850 KS,SL CORP,"SL Corp는 자동차와 오토바이를 위한 헤드램프, 샤시, 파워트레인을 설계 및 제조하는 기업입니다. 회사는 북미와 호주 등 해외 시장으로 제품을 수출하고 있습니다.",[],"SL Corp는 자동차와 오토바이를 위한 헤드램프, 샤시, 파워트레인을 설계하고 제조하는데 역량을 가지고 있습니다. 다만, 사업 내내 꾸준한 성장세를 보이는 것은 아니며, 경쟁력 있는 제품을 개발하고 글로벌 시장에서의 경쟁을 꾸준히 해나가야 합니다. 이 코멘트는 웹 상의 데이터로 학습한 거대한 언어 모델의 출력 결과입니다. 답변의 정확성을 보장할 수는 없습니다.",powered by gpt-3.5-turbo at 2023-06-30
005930 KS,SAMSUNG ELECTRONICS CO LTD,"삼성전자는 반도체, 개인용 컴퓨터, 주변기기, 모니터, TV 및 가전제품(에어컨, 전자레인지 등) 등 소비자와 산업 전반에 걸친 다양한 전자제품을 생산하는 기업입니다. 또한, 이 기업은 모바일 폰을 비롯한 인터넷 접속 네트워크 시스템과 통신 장비도 제조합니다.","['반도체', '개인용 컴퓨터', '주변기기', '모니터', 'TV', '가전제품', '인터넷 접속 네트워크 시스템', '통신 장비']","삼성전자는 다양한 전자제품을 생산하는 종합 전자 기업이지만, 시장 경쟁력과 기업 이미지는 강점이며, 원활한 협력 관계 구축과 기술 혁신에 의한 경쟁 우위를 가지고 있습니다. 이 코멘트는 웹 상의 데이터로 학습한 거대한 언어 모델의 출력 결과입니다. 답변의 정확성을 보장할 수는 없습니다.",powered by gpt-3.5-turbo at 2023-06-29
005940 KS,NH INVESTMENT & SECURITIES C,"NH 투자증권은 중개, 증권 발행 및 증권 거래 서비스를 제공합니다. 회사의 서비스에는 금융 자문 서비스, 온라인 거래, 기업 재무 지원, 연구, 외환 서비스, 수익증서, 투자 상담, 파생 상품, 채권 및 펀드가 포함됩니다.","['중개', '증권 발행', '증권 거래']","NH 투자증권은 중개, 증권 발행 및 증권 거래 서비스를 제공하여 다양한 금융 서비스를 제공합니다. 그러나 고객 서비스 및 기술 면에서 몇 가지 개선이 필요할 수도 있습니다. 이 코멘트는 웹 상의 데이터로 학습한 거대한 언어 모델의 출력 결과입니다. 답변의 정확성을 보장할 수는 없습니다.",powered by gpt-3.5-turbo at 2023-06-30
006040 KS,DONGWON INDUSTRIES CO LTD,동원산업은 깊은 바다 어업 회사입니다. 회사는 참치 회 포함 어업 산출물과 가공 어업 제품을 생산 및 유통합니다.,[],"동원산업은 깊은 바다 어업에 전문화된 회사로써 참치 회 포함 어업 산출물과 가공 어업 제품을 생산 및 유통하고 있습니다. 이 회사의 장점은 참치 회 등의 어업 제품 생산과 유통에 있으며, 단점은 다른 산업과 비교하여 다양한 사업 분야에 진출하는 정도가 상대적으로 적을 수 있다는 점입니다. 이 코멘트는 웹 상의 데이터로 학습한 거대한 언어 모델의 출력 결과입니다. 답변의 정확성을 보장할 수는 없습니다.",powered by gpt-3.5-turbo at 2023-06-30
006260 KS,LS CORP,"LS Corp는 LS Industrial Systems, LS Cable, LS-Nikko Copper 및 LS Mtron을 비롯한 계열사를 운영하는 지주회사입니다.",[],"LS Corp는 다양한 산업군에 걸쳐 다양한 계열사를 보유한 종합 지주회사입니다. 그러나 사업 영역의 다양성은 경영 상의 도전 요소일 수 있으며, 세부적인 사업 전략의 일관성과 효율성에도 주의가 필요합니다. 이 코멘트는 웹 상의 데이터로 학습한 거대한 언어 모델의 출력 결과입니다. 답변의 정확성을 보장할 수는 없습니다.",powered by gpt-3.5-turbo at 2023-06-30
006280 KS,GREEN CROSS CORP,"그린 크로스는 가정용 의약품을 제조하는 기업입니다. 제품에는 감기와 열을 위한 약, 영양제, 소독제 및 립밤이 포함됩니다.",[],"이 기업은 가정용 의약품을 제조하는데 있어서 경쟁력이 있지만, 다른 부문에서는 미흡한 부분이 있을 수 있습니다. 이 코멘트는 웹 상의 데이터로 학습한 거대한 언어 모델의 출력 결과입니다. 답변의 정확성을 보장할 수는 없습니다.",powered by gpt-3.5-turbo at 2023-06-29
006360 KS,GS ENGINEERING & CONSTRUCT,"GS 엔지니어링 & 건설은 토목 및 건축 작업, 주거 및 상업 건설, 공장 설치를 수주하는 회사입니다. 해당 기업은 또한 교육, 레저, 유통 및 환경 시설을 건설합니다.",[],"GS 엔지니어링 & 건설은 토목 및 건축 분야에서 경력과 신뢰성을 갖춘 기업으로, 다양한 사업 분야에서 성과를 거두고 있습니다. 그러나 경쟁이 치열한 시장이기 때문에 시장 점유율을 더욱 확대하기 위해 노력해야 합니다. 또한, 전문성과 혁신을 통해 미래 산업 동향에 대응해야 하는 과제도 있습니다. 이 코멘트는 웹 상의 데이터로 학습한 거대한 언어 모델의 출력 결과입니다. 답변의 정확성을 보장할 수는 없습니다.",powered by gpt-3.5-turbo at 2023-06-30
006400 KS,SAMSUNG SDI CO LTD,"삼성 SDI는 리튬 이온 배터리 기술 개발에 특화되어 있으며 텔레비전과 컴퓨터 모니터용으로 광선포 카토드관도 제조합니다. 삼성 SDI는 또한 액정 디스플레이(LCD) 부품과 휴대전화, PDA, 에너지 저장 시스템 및 태양광 패널용으로 재충전 가능한 배터리도 생산합니다.","['리튬 이온 배터리 기술 개발', '광선포 카토드관 제조', '액정 디스플레이 부품 생산', '재충전 가능한 배터리 생산']",삼성 SDI는 리튬 이온 배터리 기술에 특화되어 있어 경쟁력이 높습니다. 그러나 텔레비전과 컴퓨터 모니터용 광선포 카토드관 제조 분야는 시장이 축소되고 있어 호황이 아닐 수 있습니다. 이 코멘트는 웹 상의 데이터로 학습한 거대한 언어 모델의 출력 결과입니다. 답변의 정확성을 보장할 수는 없습니다.,powered by gpt-3.5-turbo at 2023-06-29
006650 KS,KOREA PETRO CHEMICAL IND,"코리아 페트로 케미칼(주)은 고밀도 폴리에틸렌과 폴리프로필렌과 같은 화학제품을 생산하는 회사입니다. 또한, 에틸렌과 프로필렌, 혼합된 C4 등 기본 유기 화학물질도 생산합니다. 코리아 페트로 케미칼은 산업 및 가정용 가전제품, 필름, 파이프, 장난감, 전선 및 의료기기 제조업체에 제품을 공급합니다.","['고밀도 폴리에틸렌 제조', '폴리프로필렌 제조', '에틸렌 및 프로필렌 제조', '기타 유기 화학물질 제조']","코리아 페트로 케미칼(주)은 화학제품 생산 분야에서 주요한 선두 기업입니다. 고밀도 폴리에틸렌과 폴리프로필렌의 생산능력을 갖추고 있어 경쟁력을 갖추고 있습니다. 하지만 다양한 산업 분야에 제품을 공급하는 만큼 경쟁이 치열하며, 신규 기술개발과 시장 변화에 대응해야하는 도전도 많습니다. 이 코멘트는 웹 상의 데이터로 학습한 거대한 언어 모델의 출력 결과입니다. 답변의 정확성을 보장할 수는 없습니다.",powered by gpt-3.5-turbo at 2023-06-30
006800 KS,MIRAE ASSET SECURITIES CO LT,"미래에셋증권은 종합 자산 관리 서비스를 제공합니다. 이 회사는 채권 중개, 증권 거래, 지분 공모 및 기타 서비스를 제공합니다. 또한 미래에셋증권은 합병 및 인수, 외환 및 파생상품에도 관여합니다.","['채권 중개', '증권 거래', '지분 공모', '합병 및 인수', '외환 및 파생상품']","미래에셋증권은 종합 자산 관리 서비스를 제공하는데, 채권 중개, 증권 거래, 지분 공모 등 다양한 서비스를 제공합니다. 합병 및 인수, 외환 및 파생상품에도 관여하며 이를 통해 다양한 투자 기회를 제공합니다. 다만, 경쟁이 치열한 증권 시장에서의 성과 달성에는 노력이 필요할 수 있습니다. 이 코멘트는 웹 상의 데이터로 학습한 거대한 언어 모델의 출력 결과입니다. 답변의 정확성을 보장할 수는 없습니다.",powered by gpt-3.5-turbo at 2023-06-30
007070 KS,GS RETAIL CO LTD,"GS 리테일은 소매점 체인을 운영하는 회사입니다. 뷰티 및 스킨케어 제품, 캔들, 선물품, 향수, 장식품, 화장실용품 등 다양한 제품을 제공합니다. GS 리테일은 대한민국 내 고객들에게 서비스를 제공합니다.","['뷰티 및 스킨케어 제품', '캔들', '선물품', '향수', '장식품', '화장실용품']","GS 리테일은 다양한 제품을 제공하여 고객들에게 다양한 선택의 기회를 주지만, 경쟁이 치열한 소매업계에서 서비스 품질과 가격 경쟁력을 유지하는 것이 중요합니다. 이 코멘트는 웹 상의 데이터로 학습한 거대한 언어 모델의 출력 결과입니다. 답변의 정확성을 보장할 수는 없습니다.",powered by gpt-3.5-turbo at 2023-07-04
007310 KS,OTTOGI CORPORATION,"오토기는 음식 조미료와 인스턴트 음식을 생산하는 기업으로, 마요네즈, 케첩, 샐러드 드레싱, 참기름, 식용유 및 인스턴트 카레 등을 생산합니다. 회사는 또한 냉동 샐러드, 과일 잼, 인스턴트 라면 및 캔 통조림이 있습니다.","['음식 조미료 생산', '인스턴트 음식 생산', '냉동 샐러드 생산', '과일 잼 생산', '인스턴트 라면 생산', '캔 통조림 생산']","오토기는 음식 조미료와 인스턴트 음식에서 경쟁력을 가지고 있으며, 다양한 제품 라인업을 보유하고 있습니다. 그러나 플라스틱 포장물 사용과 관련된 환경 문제에 대한 주의가 필요합니다. 이 코멘트는 웹 상의 데이터로 학습한 거대한 언어 모델의 출력 결과입니다. 답변의 정확성을 보장할 수는 없습니다.",powered by gpt-3.5-turbo at 2023-06-30
008770 KS,HOTEL SHILLA CO LTD,"호텔신라 주식회사는 서울과 제주에서 호텔을 운영하는 기업입니다. 또한 면세점, 베이커리, 레스토랑, 그리고 권리급식과 세탁 서비스 사업을 운영합니다.","['호텔 운영', '면세점 운영', '베이커리 운영', '레스토랑 운영', '권리급식 운영', '세탁 서비스 운영']",호텔신라 주식회사의 장점으로는 품질 높은 호텔 서비스를 제공하며 면세점과 다양한 사업을 함께 운영하여 다양한 수익원을 확보할 수 있습니다. 그러나 제주 및 서울에만 호텔을 운영하고 있어서 지리적 한계를 가지고 있습니다. 이 코멘트는 웹 상의 데이터로 학습한 거대한 언어 모델의 출력 결과입니다. 답변의 정확성을 보장할 수는 없습니다.,powered by gpt-3.5-turbo at 2023-06-30
008930 KS,HANMI SCIENCE CO LTD,"한미과학은 항생제, 비타민 및 장 건강제를 비롯한 의약품을 생산합니다. 또한 음료를 제공하고 다른 제약 회사를 위해 소프트 캡슐을 가공합니다.","['의약품 생산', '음료 제공', '소프트 캡슐 가공']","한미과학은 의약품 생산에 있어서 경쟁력을 갖추고 있지만, 다양한 의약품 관련 제품을 생산하는 다른 기업들과의 경쟁도 높습니다. 또한 음료 제공 및 소프트 캡슐 가공 사업의 확장에 더 집중하여 시장을 개척하고 있습니다. 이 코멘트는 웹 상의 데이터로 학습한 거대한 언어 모델의 출력 결과입니다. 답변의 정확성을 보장할 수는 없습니다.",powered by gpt-3.5-turbo at 2023-06-29
009150 KS,SAMSUNG ELECTRO-MECHANICS CO,"삼성전기는 컴퓨터, 오디오 및 비디오 제품, 산업용 전자제품 및 통신장비에 사용되는 다양한 전자부품을 제조한다. 다중층 기판과 캐패시터, 광학 픽업, 꼬리을 갈 수 있는 볼륨연장 선로(sol.)작동능력 산유기, 키보드, 스피커, 및 발광 다이오드(LED) 제품을 포함한다.","['다중층 기판', '캐패시터', '광학 픽업', '꼬리을 갈 수 있는 볼륨연장 선로(sol.)작동능력 산유기', '키보드', '스피커', '발광 다이오드(LED) 제품']","삼성전기는 전자부품 제조 기업으로 다양한 제품 라인업을 보유하고 있다. 다중층 기판, 캐패시터, 광학 픽업 등 다양한 부품의 생산 능력이 강점이다. 하지만 시장 경쟁이 치열하고 기술적인 발전에 민감하게 대응해야 하는 산업이기 때문에 꾸준한 혁신과 경쟁력 강화가 필요하다. 이 코멘트는 웹 상의 데이터로 학습한 거대한 언어 모델의 출력 결과입니다. 답변의 정확성을 보장할 수는 없습니다.",powered by gpt-3.5-turbo at 2023-06-29
009240 KS,HANSSEM CO LTD,"HANSSEM CO LTD는 주방 가구를 제조하는 기업입니다. 제품에는 주방 싱크, 주방 캐비닛, 식탁과 의자, 주방 액세서리 등이 포함됩니다. HANSSEM은 또한 소파, 침대, 옷장, 서랍, 램프, 욕실 및 사무 가구와 같은 인테리어 제품을 설계하고 제조합니다.","['주방 가구 제조', '인테리어 제품 디자인 및 제조']","HANSSEM CO LTD는 주방 가구 제조 업체로써, 다양한 제품을 생산합니다. 그러나 경쟁적인 시장이기 때문에 시장 점유율을 높이기 위해 더 많은 마케팅 노력이 필요합니다. 또한 인테리어 제품 분야에서의 경쟁력을 강화하기 위해 혁신적인 디자인과 품질을 유지해야 합니다. 이 코멘트는 웹 상의 데이터로 학습한 거대한 언어 모델의 출력 결과입니다. 답변의 정확성을 보장할 수는 없습니다.",powered by gpt-3.5-turbo at 2023-06-30
009420 KS,HANALL BIOPHARMA CO LTD,"HANALL BIOPHARMA CO., LTD.는 병원에서 처방되는 약물을 생산하는 기업입니다. 이 회사는 구강 및 비구강 항생제 및 아미노산 주사제를 전문으로 제조합니다.",['약물 생산'],"HANALL BIOPHARMA CO., LTD.는 병원에서 처방되는 약물을 전문으로 생산하는 회사입니다. 이 회사의 강점은 구강 및 비구강 항생제 및 아미노산 주사제 제조에 있으며, 한편으로는 다양한 의약품 제조에 대한 경험과 노하우를 갖고 있습니다. 그러나 한 가지 단점은 다른 의약품 카테고리에서는 경쟁력이 부족할 수 있다는 점입니다. 이 코멘트는 웹 상의 데이터로 학습한 거대한 언어 모델의 출력 결과입니다. 답변의 정확성을 보장할 수는 없습니다.",powered by gpt-3.5-turbo at 2023-06-29
009540 KS,HD KOREA SHIPBUILDING & OFFS,"HD 코리아 조선해양은 조선 및 해양 분야에서 운영되는 기업입니다. 이 기업은 산업 단지 공학, 특수 및 해군 조선, 해양 엔진 및 기계, 산업 기계, 에너지 서비스를 제공합니다. HD 코리아 조선해양은 전 세계에 제품을 판매합니다.","['산업 단지 공학', '특수 및 해군 조선', '해양 엔진 및 기계', '산업 기계', '에너지 서비스']","HD 코리아 조선해양은 조선 및 해양 분야에서 광범위한 사업을 수행하며, 산업 공학, 조선, 엔진 및 기계, 기계 및 에너지 서비스 분야에서 글로벌 시장을 대상으로 활동합니다. 적절한 기술과 전문성을 갖추고 있지만, 경쟁이 치열하고 예측 불가능한 해상 업종에서의 성장 가능성에는 도전을 겪을 수 있습니다. 이 코멘트는 웹 상의 데이터로 학습한 거대한 언어 모델의 출력 결과입니다. 답변의 정확성을 보장할 수는 없습니다.",powered by gpt-3.5-turbo at 2023-06-30
009830 KS,HANWHA SOLUTIONS CORP,"한화 솔루션은 태양 에너지 구성품을 제조하고 유통하는 기업입니다. 회사는 발전소 운영, 전력 소매, 태양광 셀 및 모듈 생산 및 기타 관련 서비스를 제공합니다. 한화 솔루션은 또한 석유화학, 플라스틱 제품 제조 및 부동산 서비스도 제공합니다.","['발전소 운영', '전력 소매', '태양광 셀 및 모듈 생산', '기타 관련 서비스', '석유화학', '플라스틱 제품 제조', '부동산 서비스']","한화 솔루션은 태양 에너지 구성품의 제조와 유통을 주요 사업으로 하는 기업입니다. 그들의 장점은 석유화학, 플라스틱 제품 제조 및 부동산 서비스 등 다양한 시장과 사업 영역에 걸쳐 다양성을 가지고 있습니다. 그러나 태양광 셀 및 모듈 생산 분야에서의 경쟁은 치열하여 한계점도 존재합니다. 이 코멘트는 웹 상의 데이터로 학습한 거대한 언어 모델의 출력 결과입니다. 답변의 정확성을 보장할 수는 없습니다.",powered by gpt-3.5-turbo at 2023-06-30
009900 KS,MYOUNG SHIN INDUSTRIAL CO LT,"명신산업은 자동차 부품을 생산하고 판매하는 기업입니다. 회사는 핫 스탬핑 부품 설계, 제조, 판매 등의 서비스를 제공합니다. 명신산업은 한국 전역에서 제품을 판매하고 있습니다.","['자동차 부품 제조', '핫 스탬핑 부품 설계', '판매']",명신산업은 자동차 부품 제조와 핫 스탬핑 부품 설계 등의 다양한 사업을 펼치고 있습니다. 그러나 경쟁이 치열하고 시장 규모가 한정적인 점이 단점입니다. 그러나 혁신적인 제품과 높은 품질을 제공하여 시장에서 성장할 수 있는 장점을 가지고 있습니다. 이 코멘트는 웹 상의 데이터로 학습한 거대한 언어 모델의 출력 결과입니다. 답변의 정확성을 보장할 수는 없습니다.,powered by gpt-3.5-turbo at 2023-06-30
010060 KS,OCI HOLDINGS CO LTD,"OCI Holdings는 화학 사업을 운영합니다. 회사는 무기화학제품, 석유 및 석탄 화학제품, 고체화학제품, 재생 에너지 및 절연재를 제조합니다. OCI Holdings는 한국 전역뿐만 아니라 해외로 제품을 주로 판매합니다.","['무기화학제품 제조', '석유 및 석탄 화학제품 제조', '고체화학제품 제조', '재생 에너지 제조', '절연재 제조']","OCI Holdings의 장점은 화학분야에서의 다양한 제품 라인업과 국내외 시장에 대한 광범위한 수요입니다. 하지만 국내 시장에 주로 집중되어 있는 한편, 해외 시장에서의 경쟁력이 부족할 수도 있습니다. 이 코멘트는 웹 상의 데이터로 학습한 거대한 언어 모델의 출력 결과입니다. 답변의 정확성을 보장할 수는 없습니다.",powered by gpt-3.5-turbo at 2023-06-30
010120 KS,LS ELECTRIC CO LTD,"LS Electric는 전기 전원 장비를 제조하고 유통합니다. 이 회사는 스마트 파워 장비, 스마트 자동화 장비, 스마트 철도 장비 및 관련 제품을 생산합니다. 또한 LS Electric은 스마트 그리드, 마이크로 그리드, 에너지 저장 시스템 및 금속 제품을 개발하고 있습니다.",[],"LS Electric은 전기 전원 장비를 제조하고 유통하는 회사로써, 스마트 파워 장비 및 스마트 자동화, 철도, 그리고 에너지 관련 제품을 생산하고 있습니다. 이 회사는 스마트 그리드와 마이크로 그리드, 에너지 저장 시스템, 그리고 금속 제품을 개발하고 있으며, 전반적으로 안정적이고 다양한 제품 라인업을 가지고 있지만 경쟁력을 유지하기 위해 시장 동향을 주의 깊게 파악해야 할 것입니다. 이 코멘트는 웹 상의 데이터로 학습한 거대한 언어 모델의 출력 결과입니다. 답변의 정확성을 보장할 수는 없습니다.",powered by gpt-3.5-turbo at 2023-06-30
010130 KS,KOREA ZINC CO LTD,"코리아 아연 주식회사는 비철금속 제련 산업에 특화된 기업입니다. 제작된 제품은 아연 블록, 전해 골드, 실버, 리드, 황산 및 구리입니다. 코리아 아연은 국내외 시장에 제품을 공급합니다.","['아연 제련', '비철금속 제조', '리드 제조', '구리 제조']","KOREA ZINC CO LTD 기업은 비철금속 제련 산업에 특화되어 있으며 다양한 제품을 제조하고 국내외 시장에 공급하고 있습니다. 강점은 다양한 금속 제품의 생산 능력과 국내외 시장에 다양한 제품을 공급하는 것이며, 약점은 특정한 품목에 의존하고 있다는 점입니다. 이 코멘트는 웹 상의 데이터로 학습한 거대한 언어 모델의 출력 결과입니다. 답변의 정확성을 보장할 수는 없습니다.",powered by gpt-3.5-turbo at 2023-06-30
010140 KS,SAMSUNG HEAVY INDUSTRIES,"삼성중공업은 원유 운반선, 컨테이너선, 화물선, 크루즈선, 여객선을 제조하는 회사입니다. 또한 강철과 다리 구조물, 재료 취급 장비를 생산합니다. 추가로, 삼성중공업은 토목, 건축 및 공장 건설 서비스를 제공합니다.","['선박 제조', '강철 및 다리 구조물 생산', '재료 취급 장비 생산', '토목 및 건축 서비스', '공장 건설 서비스']","삼성중공업은 선박 제조와 강철 및 다리 구조물 생산 분야에서 강점을 가지고 있습니다. 또한 토목, 건축 및 공장 건설 서비스 역시 제공하며 꾸준한 성장을 보여주고 있습니다. 하지만 경쟁 산업에서 파란 해일이 있을 수 있으며, 이에 대비해 조심해야 합니다. 이 코멘트는 웹 상의 데이터로 학습한 거대한 언어 모델의 출력 결과입니다. 답변의 정확성을 보장할 수는 없습니다.",powered by gpt-3.5-turbo at 2023-06-30
010620 KS,HYUNDAI MIPO DOCKYARD,"현대미포조선은 중형 관용선과 특수선 부문에서 조선업체로, 제품 수송선, 화학 운반선, 컨테이너선, LPG 운반선, 자동차운반선 등의 중거리 관용선을 건조하고 전달합니다.","['중형 관용선 건조', '특수선 건조']",현대미포조선은 중형 관용선과 특수선 분야에서 저희 기업의 강점을 발휘하고 있습니다. 그러나 시장 경쟁력 확보와 새로운 기술 개발에 더 많은 노력이 필요합니다. 이 코멘트는 웹 상의 데이터로 학습한 거대한 언어 모델의 출력 결과입니다. 답변의 정확성을 보장할 수는 없습니다.,powered by gpt-3.5-turbo at 2023-06-30
010780 KS,IS DONGSEO CO LTD,"IS 동서는 타일, 콘크리트 제품, PC 파이프 및 파일 등 건설자재를 제조 및 판매하는 기업입니다. 또한, 위생 세라믹 식기와 구조용 목재 제품도 생산합니다.","['타일 제조', '콘크리트 제품 제조', 'PC 파이프 제조', '파일 생산', '위생 세라믹 식기 생산', '구조용 목재 생산']","IS 동서는 타일, 콘크리트 제품, PC 파이프 및 파일 등의 건설자재를 다양하게 생산하기 때문에 다양한 고객들에게 제품을 공급할 수 있는 장점을 가지고 있습니다. 또한, 위생 세라믹 식기와 구조용 목재 제품의 생산으로 다른 시장에 진출할 수 있는 기회도 갖고 있습니다. 그러나, 여러 제품 분야에 투자하고 있는 만큼 각 분야마다 경쟁력을 유지하기가 어려울 수도 있습니다. 이 코멘트는 웹 상의 데이터로 학습한 거대한 언어 모델의 출력 결과입니다. 답변의 정확성을 보장할 수는 없습니다.",powered by gpt-3.5-turbo at 2023-06-30
010950 KS,S-OIL CORP,"S-OIL 주식회사는 원유를 정제하여 석유 및 관련 제품을 판매하는 회사입니다. 주로 석유 정제, 석유화학 및 윤활제 사업에 주력합니다. S-OIL의 주요 제품은 가솔린, 배기 가스 오일, 성유관, 난질소, 윤활유, 벤젠, 톨루엔 및 자일렌입니다.","['석유 정제', '석유화학', '윤활제']",S-OIL 주식회사의 장점은 원유 정제와 관련된 전문성 및 다양한 석유 제품의 생산과 판매에 집중한다는 것입니다. 그러나 경쟁이 치열한 석유 산업에서는 가격 변동성과 환경 규제와 같은 위험 요소에 노출될 수도 있습니다. 이 코멘트는 웹 상의 데이터로 학습한 거대한 언어 모델의 출력 결과입니다. 답변의 정확성을 보장할 수는 없습니다.,powered by gpt-3.5-turbo at 2023-06-29
011070 KS,LG INNOTEK CO LTD,"LG Innotek은 휴대전화 부품들을 개발하고 생산하는 기업으로, 작은 진동 모터, LCD 모듈, LED, 카메라 모듈, 보호 회로 모듈 등을 생산합니다. 또한, 회사는 인버터, 인텔리전트 파워 모듈, 멀티 칩 모듈, 튜너 등의 액정 디스플레이 (LCD) 및 플라즈마 디스플레이 패널 (PDP) 부품도 제조합니다.","['진동 모터', 'LCD 모듈', 'LED', '카메라 모듈', '보호 회로 모듈', '액정 디스플레이 (LCD) 부품', '플라즈마 디스플레이 패널 (PDP) 부품']","LG Innotek은 휴대전화 부품 분야에서 선두 기업 중 하나로 꼽힙니다. 하지만 다양한 부품을 제조하는 만큼 경쟁이 치열하며, 시장 변동성에 노출되어 있다는 약점이 있습니다. 이 코멘트는 웹 상의 데이터로 학습한 거대한 언어 모델의 출력 결과입니다. 답변의 정확성을 보장할 수는 없습니다.",powered by gpt-3.5-turbo at 2023-06-29
011170 KS,LOTTE CHEMICAL CORP,"롯데케미칼은 고밀도 폴리에틸렌, 폴리프로필렌 및 에틸렌글리콜과 같은 다양한 석유화학 제품을 생산합니다. 이 회사의 제품은 일반 생활용품, 파이프, 필름, 원단, 병, 용기 및 자동차 부품 제조에 사용됩니다.","['고밀도 폴리에틸렌 제조', '폴리프로필렌 제조', '에틸렌글리콜 제조']","롯데케미칼은 다양한 석유화학 제품을 생산하는데, 고밀도 폴리에틸렌, 폴리프로필렌 및 에틸렌글리콜을 주로 생산합니다. 이 회사는 일반 생활용품, 파이프, 필름, 원단, 병, 용기 및 자동차 부품 제조에 사용되는 제품을 공급하며, 광범위한 시장을 대상으로 하고 있습니다. 그러나 경쟁이 치열하고 원자재 가격 변동과 같은 위험도 존재합니다. 이 코멘트는 웹 상의 데이터로 학습한 거대한 언어 모델의 출력 결과입니다. 답변의 정확성을 보장할 수는 없습니다.",powered by gpt-3.5-turbo at 2023-06-30
011200 KS,HMM CO LTD,"HMM 회사는 컨테이너 운송 서비스를 제공합니다. 회사는 대량 선적, 해운 운송, 해상 수송 및 기타 관련 서비스를 제공합니다. HMM은 또한 퀵, 익스프레스 및 관광 개발 서비스도 제공합니다.",[],HMM 회사는 컨테이너 운송 서비스를 제공하여 고객에게 다양한 선택권을 제공합니다. 그러나 경쟁이 치열하고 수익성이 좋지 않을 수도 있습니다. 이 코멘트는 웹 상의 데이터로 학습한 거대한 언어 모델의 출력 결과입니다. 답변의 정확성을 보장할 수는 없습니다.,powered by gpt-3.5-turbo at 2023-06-30
011210 KS,HYUNDAI WIA CORP,"현대위아는 자동차 부품을 제조합니다. 또한 기계공구, 로봇, 프레스, 산업용 기계 및 항공기 부품도 생산합니다.",[],현대위아는 자동차 부품을 제조하는 회사로써 기술력과 다양한 제품 라인업을 갖추고 있습니다. 하지만 시장 경쟁이 치열하고 수출 비중이 크기 때문에 외부 요인에 민감하게 반응할 수 있습니다. 이 코멘트는 웹 상의 데이터로 학습한 거대한 언어 모델의 출력 결과입니다. 답변의 정확성을 보장할 수는 없습니다.,powered by gpt-3.5-turbo at 2023-06-30
011780 KS,KUMHO PETROCHEMICAL CO LTD,"금호석유화학은 합성 고무, 합성 수지 및 고무 화학 물질을 제조하는 기업입니다. 제품에는 스티렌 부타디엔, 아크릴로니트릴 부타디엔, 폴리스티렌, 확장성 폴리스티렌, 항산화제 등이 있습니다. 금호석유화학은 자회사를 통해 건설, 운송 및 금융 서비스를 제공합니다.","['합성 고무 제조', '합성 수지 제조', '고무 화학 물질 제조', '건설 서비스 제공', '운송 서비스 제공', '금융 서비스 제공']","금호석유화학은 합성 고무와 수지, 고무 화학 물질을 제조하는 글로벌 기업입니다. 그러나 시장 경쟁이 치열하고 세계 경제 동향에 따라 수익이 변동할 수 있는 단점을 가지고 있습니다. 또한 금호석유화학은 자회사를 통해 다양한 서비스를 제공하는 금융 광업 기업입니다. 이 코멘트는 웹 상의 데이터로 학습한 거대한 언어 모델의 출력 결과입니다. 답변의 정확성을 보장할 수는 없습니다.",powered by gpt-3.5-turbo at 2023-06-30
011790 KS,SKC CO LTD,"SKC 주식회사는 폴리에스터 필름, 실리콘 코팅 필름, 잉크젯 필름 등 다양한 필름을 생산합니다. 이외에도 프로필렌 옥사이드, 프로필렌 글리콜, 스티렌 몬омер 등 화학 제품을 생산합니다. 또한 SKC는 태양광 소재도 제공합니다.","['폴리에스터 필름 생산', '실리콘 코팅 필름 생산', '잉크젯 필름 생산', '화학 제품 생산', '태양광 소재 제공']",SKC 주식회사의 장점은 다양한 필름과 화학 제품을 생산함으로써 다양한 시장 수요를 충족할 수 있다는 점입니다. 하지만 경쟁이 치열한 산업이기 때문에 차별화된 제품 개발과 비용 관리에 주의할 필요가 있습니다. 이 코멘트는 웹 상의 데이터로 학습한 거대한 언어 모델의 출력 결과입니다. 답변의 정확성을 보장할 수는 없습니다.,powered by gpt-3.5-turbo at 2023-06-30
012330 KS,HYUNDAI MOBIS CO LTD,"현대모비스는 자동차 서비스 부품, 모듈 및 시스템과 같은 자동차 부품 및 장비를 제조 및 판매하는 기업이다. 또한 하수 처리 공장 및 산업 폐수 처리 공장 건설과 같은 환경 프로젝트를 수행한다.","['자동차 서비스 부품 제조', '모듈 제조', '시스템 제조', '환경 프로젝트 수행']",현대모비스는 자동차 부품 및 장비 제조업체로서 전문성과 다양한 제품 라인업을 갖추고 있다. 하지만 경쟁 업체들과의 치열한 경쟁과 기술적인 발전에 대한 대응력을 강화할 필요가 있다. 이 코멘트는 웹 상의 데이터로 학습한 거대한 언어 모델의 출력 결과입니다. 답변의 정확성을 보장할 수는 없습니다.,powered by gpt-3.5-turbo at 2023-06-30
012450 KS,HANWHA AEROSPACE CO LTD,"한화항공은 항공 부품 제조 회사로, 항공 가스 터빈 엔진 제품, 항공 압축기, 저압 터빈 등을 생산 및 판매합니다. 한화항공은 세계적으로 제품을 마케팅하고 있습니다.","['항공 가스 터빈 엔진 제품 생산', '항공 압축기', '저압 터빈', '기타 제품 생산 및 판매']","한화항공은 항공 부품 제조 회사로서 세계적으로 제품을 마케팅하고 있으며, 항공 가스 터빈 엔진 제품, 항공 압축기, 저압 터빈 등 다양한 제품을 생산하고 판매하고 있습니다. 장점으로는 글로벌 시장에 확장된 판매 네트워크와 다양한 제품 라인업이 있습니다. 하지만 산업의 침체와 경쟁 환경의 변화에 대응해야 하는 도전과제도 있습니다. 이 코멘트는 웹 상의 데이터로 학습한 거대한 언어 모델의 출력 결과입니다. 답변의 정확성을 보장할 수는 없습니다.",powered by gpt-3.5-turbo at 2023-06-30
012750 KS,S-1 CORPORATION,"S1 커퍼레이션은 보안 시스템 서비스를 제공합니다. 이 회사는 가정, 기업, 금융 기관 및 자동차에서 사용되는 다양한 보안 시스템을 설치, 유지 보수 및 판매합니다. S1은 경비 서비스, 시스템 통합 서비스 및 구조 안전 진단 서비스도 제공합니다.","['보안 시스템 설치', '보안 시스템 유지 보수', '보안 시스템 판매', '경비 서비스 제공', '시스템 통합 서비스 제공', '구조 안전 진단 서비스 제공']","S-1 CORPORATION은 보안 시스템 서비스를 제공하여 고객들이 가정, 기업, 금융 기관 및 자동차에서 안전하게 거래할 수 있도록 도와줍니다. 그러나 이 기업의 경비 서비스와 관련된 기술과 인력의 수준은 경쟁사에 비해 약간 부족할 수 있습니다. 그럼에도 불구하고, S-1 CORPORATION은 다른 기업과의 시스템 통합 프로젝트에서 뛰어난 역량을 보여주고 있습니다. 이 코멘트는 웹 상의 데이터로 학습한 거대한 언어 모델의 출력 결과입니다. 답변의 정확성을 보장할 수는 없습니다.",powered by gpt-3.5-turbo at 2023-06-30
013890 KS,ZINUS INC,"ZINUS INC는 가구를 도매 및 유통하는 회사입니다. 이 회사는 침대 프레임, 소파, 플랫폼 침대, 매트리스 등과 같은 제품을 도매 및 유통합니다. ZINUS는 전 세계적으로 제품을 마케팅하고 있습니다.","['가구 도매', '가구 유통']","ZINUS INC의 장점은 전 세계적으로 제품을 마케팅하고 있다는 것입니다. 또한, 다양한 가구 제품을 도매 및 유통하고 있어 다양한 고객들의 요구를 충족시킬 수 있습니다. 하지만 단점은 명확히 나타내기 어렵습니다. 이 코멘트는 웹 상의 데이터로 학습한 거대한 언어 모델의 출력 결과입니다. 답변의 정확성을 보장할 수는 없습니다.",powered by gpt-3.5-turbo at 2023-06-30
014680 KS,HANSOL CHEMICAL CO LTD,"한솔화학은 섬유화학물질, 전자재료, 테이프, 종이 및 환경 제품, 특수가스 등 다양한 화학 제품을 생산 및 유통하는 기업입니다.","['섬유화학물질 생산 및 유통', '전자재료 생산', '테이프 생산', '종이 및 환경 제품 생산', '특수가스 생산']",한솔화학은 다양한 화학 제품을 생산해 효율적으로 유통하는 것이 장점입니다. 또한 전자재료 및 특수가스 분야에서도 경쟁력을 갖추고 있습니다. 그러나 산업 환경과의 변화에 유연하게 대응하는 능력을 강화해야 하는 과제가 있습니다. 이 코멘트는 웹 상의 데이터로 학습한 거대한 언어 모델의 출력 결과입니다. 답변의 정확성을 보장할 수는 없습니다.,powered by gpt-3.5-turbo at 2023-06-30
014820 KS,DONGWON SYSTEMS CORP,"동원시스템즈는 컨테이너와 포장 제품을 생산 및 유통하는 기업입니다. 이 회사는 유연한 포장, 유리병, 캔, 그리고 기타 관련 제품을 생산합니다. 또한 동원시스템즈는 산업용 필름과 알루미늄 호일도 생산하고 있습니다.","['containers and packaging products', 'flexible packaging', 'glass bottles', 'cans', 'industrial films', 'aluminum foils']","동원시스템즈는 다양한 컨테이너 및 포장 제품을 제공하며, 특히 유연한 포장 제품과 유리병, 캔 등의 제품에 강점을 가지고 있습니다. 그러나 해당 기업은 산업용 필름과 알루미늄 호일 분야에서 주요 경쟁 업체들과의 경쟁에 직면할 수 있습니다. 이 코멘트는 웹 상의 데이터로 학습한 거대한 언어 모델의 출력 결과입니다. 답변의 정확성을 보장할 수는 없습니다.",powered by gpt-3.5-turbo at 2023-07-04
015760 KS,KOREA ELECTRIC POWER CORP,"한국전력공사는 한국 내 다양한 용도로 전기를 생성, 전송 및 공급하는 기관입니다. 회사는 또한 한국 내에서 수력 발전, 화력 발전 및 원자력 발전 시설을 설치 및 운영합니다.","['전력생산', '전력배전']","한국전력공사는 한국에서 전력을 생성하고 전송하며 공급하며 다양한 용도로 사용됩니다. 회사는 전력 생산과 배전 분야에서 주요한 역할을 수행합니다. 장점으로는 많은 규모의 발전 시설 및 전력망을 보유하고 있으며, 한국 전력 시장에서 지속적으로 성장하고 있습니다. 단점으로는 경쟁사와의 경쟁력 강화가 필요하며 기후 변화와 같은 외부 요인에 대한 대응이 필요합니다. 이 코멘트는 웹 상의 데이터로 학습한 거대한 언어 모델의 출력 결과입니다. 답변의 정확성을 보장할 수는 없습니다.",powered by gpt-3.5-turbo at 2023-06-29
016360 KS,SAMSUNG SECURITIES CO LTD,"삼성증권은 맞춤화된 자산 관리 서비스를 제공합니다.이 회사는 중개, 투자신탁, 언더라이팅 등 서비스를 제공합니다.삼성증권은 또한 사이버 거래, 투자신탁, 자산 유동화 증권 발행, 지방채 거래 서비스도 제공합니다.","['중개', '투자신탁', '언더라이팅', '사이버 거래', '투자신탁', '자산 유동화 증권 발행', '지방채 거래']","이 기업의 장점은 맞춤화된 자산 관리 서비스를 제공한다는 것입니다. 또한 다양한 중개, 투자신탁, 언더라이팅, 사이버 거래 등의 서비스를 제공하여 고객에게 편의를 제공합니다. 그러나 어떤 단점이 있는지는 알 수 없습니다. 이 코멘트는 웹 상의 데이터로 학습한 거대한 언어 모델의 출력 결과입니다. 답변의 정확성을 보장할 수는 없습니다.",powered by gpt-3.5-turbo at 2023-06-30
016380 KS,KG DONGBUSTEEL,"KG 동부스틸은 강철 제품을 제조 및 유통합니다. 회사는 강관, 바 강, 냉간 압연 강판, 주철 사료, 기타 관련 제품을 생산합니다. KG 동부스틸은 전 세계에 제품을 마케팅합니다.",[],"KG 동부스틸은 강철 제품의 제조 및 유통을 전문으로 하는 기업입니다. 제품은 강관, 바 강, 냉간 압연 강판, 주철 사료 등 다양하게 생산되며 전 세계적으로 마케팅되고 있습니다. 하지만, 경쟁사들과의 경쟁이 치열하고 강철 시장의 불확실한 상황에 영향을 받을 수 있습니다. 적절한 전략과 혁신적인 제품 개발이 필요합니다.+ 이 코멘트는 웹 상의 데이터로 학습한 거대한 언어 모델의 출력 결과입니다. 답변의 정확성을 보장할 수는 없습니다.",powered by gpt-3.5-turbo at 2023-06-30
017670 KS,SK TELECOM,"SK 텔레콤은 한국의 이동통신 및 통신사업자입니다. 회사는 이동 음성, 무선 데이터 및 무선 인터넷 서비스를 제공합니다. SK 텔레콤은 또한 유선 서비스 및 플랫폼 서비스도 제공합니다.",[],"SK 텔레콤은 한국의 선도적인 이동통신 및 통신사업자로, 이동 음성과 데이터 서비스를 통해 광범위한 이동통신 서비스를 제공합니다. 또한 유선 서비스 및 플랫폼 서비스로 다양한 영역에서 사업을 확장하고 있습니다. 그러나 경쟁이 치열한 통신 시장에서 계속해서 시장 점유율을 유지해야 하는 동시에 기술적인 혁신과 서비스 품질 향상에 주력해야 합니다. 이 코멘트는 웹 상의 데이터로 학습한 거대한 언어 모델의 출력 결과입니다. 답변의 정확성을 보장할 수는 없습니다.",powered by gpt-3.5-turbo at 2023-06-29
017800 KS,HYUNDAI ELEVATOR CO,"현대 엘리베이터는 엘리베이터, 에스컬레이터, 이송 보조 시스템, 자동 주차 시스템 및 소재 처리 시스템을 제조, 설치, 판매 및 서비스하고 있습니다. 또한 기차역 플랫폼에서 사용되는 스크린 도어도 생산합니다.","['엘리베이터 제조', '에스컬레이터 제조', '이송 보조 시스템 제조', '자동 주차 시스템 제조', '소재 처리 시스템 제조', '스크린 도어 생산']","현대 엘리베이터는 엘리베이터 및 에스컬레이터를 비롯한 다양한 이동장치와 주차 시스템을 제조하고 서비스하는 기업입니다. 기업의 주요 강점은 기술력과 품질, 그리고 시장 점유율의 증가입니다. 그러나 산업 경쟁력과 신제품 개발에 대한 속도도 개선할 필요가 있습니다. 이 코멘트는 웹 상의 데이터로 학습한 거대한 언어 모델의 출력 결과입니다. 답변의 정확성을 보장할 수는 없습니다.",powered by gpt-3.5-turbo at 2023-06-30
018260 KS,SAMSUNG SDS CO LTD,"삼성 SDS는 컨설팅 및 기술 서비스와 같은 정보기술(IT) 서비스를 제공합니다. 또한 어플리케이션 아웃소싱, IT 인프라 아웃소싱 및 클라우드 컴퓨팅을 포함한 아웃소싱 서비스도 제공합니다.","['컨설팅', '기술 서비스', '어플리케이션 아웃소싱', 'IT 인프라 아웃소싱', '클라우드 컴퓨팅']",삼성 SDS는 정보기술 서비스를 제공하여 기업들의 IT 관련 문제를 해결해줍니다. 그러나 경쟁이 치열한 IT 서비스 업계에서는 고객들의 요구에 맞춰 빠르게 변화해야 하는 도전이 있을 수 있습니다. 이 코멘트는 웹 상의 데이터로 학습한 거대한 언어 모델의 출력 결과입니다. 답변의 정확성을 보장할 수는 없습니다.,powered by gpt-3.5-turbo at 2023-06-29
018880 KS,HANON SYSTEMS,"HANON SYSTEMS는 다양한 자동차 공조 장비를 제조하는 기업이다. 이 회사의 제품에는 에어컨, 히터, 냉각 모듈, 압축기, 라디에이터, 팬, 증발기 및 압축기가 포함되어 있다. HANON SYSTEMS는 원자재 제조업체(OEM)를 대상으로 제품을 유통하고 있다.","['에어컨 제조', '히터 제조', '냉각 모듈 제조', '압축기 제조', '라디에이터 제조', '팬 제조', '증발기 제조', '압축기 제조']","HANON SYSTEMS는 자동차 공조 장비를 다양하게 제조하는 기업으로, 에어컨, 히터, 냉각 모듈, 압축기, 라디에이터, 팬, 증발기 및 압축기 등의 제품을 생산한다. 이 기업의 장점은 다양한 제품 라인업을 갖고 있고 원자재 제조업체를 대상으로 유통하며, 산업에서 의미있는 위치에 있는 것이다. 그러나 불확실한 영향으로부터 자동차 산업이 영향을 받을 수 있고, 경쟁이 치열한 분야이므로 새로운 기술의 도입과 일정한 수준의 품질 관리에 주의가 필요하다. 이 코멘트는 웹 상의 데이터로 학습한 거대한 언어 모델의 출력 결과입니다. 답변의 정확성을 보장할 수는 없습니다.",powered by gpt-3.5-turbo at 2023-06-30
019170 KS,SHIN POONG PHARMACEUTICAL CO,"신풍제약은 세파로스포린 항생제, 혈액 응고제, 진정제, 항당뇨약 등 의약품의 원료와 처방전 약물을 생산하는 회사입니다.","['의약품 원료 제조', '처방전 약물 생산']","신풍제약은 세파로스포린 항생제와 같은 의약품 원료와 처방전 약물을 생산하는데 전문성을 가지고 있으며, 다양한 약물을 다룬다는 점에서는 장점이 있지만, 혈액 응고제와 같은 특정 의약품 분야에 초점을 두고 있어 다른 분야에서의 경쟁력은 부족하다고 할 수 있습니다. 이 코멘트는 웹 상의 데이터로 학습한 거대한 언어 모델의 출력 결과입니다. 답변의 정확성을 보장할 수는 없습니다.",powered by gpt-3.5-turbo at 2023-06-29
020000 KS,HANDSOME CO LTD,"핸섬 주식회사는 여성과 남성의 의류, 모피 및 액세서리를 제조 및 소매 판매하는 기업입니다. 회사는 국내 백화점에 제품을 공급합니다.","['의류 제조', '의류 소매']","핸섬 주식회사는 주요한 세그먼트인 여성과 남성 의류와 모피를 제조 및 판매하는데 전문화되어 있습니다. 국내 백화점에 제품을 공급하여 판매 채널을 다양화하고 있지만, 경쟁이 치열한 패션 시장에서 성장을 위해 혁신적인 전략을 모색해야 합니다. 이 코멘트는 웹 상의 데이터로 학습한 거대한 언어 모델의 출력 결과입니다. 답변의 정확성을 보장할 수는 없습니다.",powered by gpt-3.5-turbo at 2023-06-30
020150 KS,LOTTE ENERGY MATERIALS CORP,"롯데 에너지 재료 주식회사는 전기 호일을 제조하고 유통하는 회사입니다. 회사는 인쇄된 회로 기판 및 리튬 이온 2차 전지, 전해성 및 에폭시 구리 호일, 전해 커패시터 알루미늄 호일 및 관련 제품을 생산합니다. 롯데 에너지 재료는 또한 에너지, 유리 및 창문 구조 서비스를 제공합니다.","['전기 호일 제조', '유통', '인쇄된 회로 기판 및 리튬 이온 2차 전지 생산', '전해성 및 에폭시 구리 호일 생산', '전해 커패시터 알루미늄 호일 생산']","롯데 에너지 재료 주식회사는 전기 호일 제조 및 유통 회사로서, 인쇄된 회로 기판 및 리튬 이온 2차 전지, 전해성 및 에폭시 구리 호일, 전해 커패시터 알루미늄 호일 등의 제품을 생산합니다. 장점으로는 다양한 제품 라인업과 고품질 제품을 갖추고 있으며, 에너지와 유리 및 창문 구조 서비스도 제공합니다. 하지만 경쟁 업체들과의 경쟁력 강화가 필요할 것으로 보입니다. 이 코멘트는 웹 상의 데이터로 학습한 거대한 언어 모델의 출력 결과입니다. 답변의 정확성을 보장할 수는 없습니다.",powered by gpt-3.5-turbo at 2023-06-29
020560 KS,ASIANA AIRLINES,"아시아나항공은 금호그룹의 자회사로, 대한민국 내외에서 항공화물 및 여객 운송 서비스를 제공합니다. 또한, 항공사 케이터링 및 항공기 내 면세 쇼핑 서비스도 제공합니다. 아시아나항공은 웹 기반 전자 예약 및 발권 시스템과 빈발송객 프로그램을 운영하고 있습니다.","['항공화물 운송 서비스', '여객 운송 서비스', '케이터링 서비스', '면세 쇼핑 서비스']","아시아나항공은 대한민국과 해외에서 안정적인 항공 운송 서비스를 제공하는데 역량이 있으나, 경쟁이 치열하고 에어라인산업의 변동성은 높은 편입니다. 이 코멘트는 웹 상의 데이터로 학습한 거대한 언어 모델의 출력 결과입니다. 답변의 정확성을 보장할 수는 없습니다.",powered by gpt-3.5-turbo at 2023-06-30
021240 KS,COWAY CO LTD,"코웨이 주식회사는 가정용 가전제품을 제조 및 유통하는 기업이다. 이 회사는 정수기, 공기청정기 및 기타 관련 제품을 생산한다. 코웨이는 또한 비데, 물연화기, 매트리스, 청결 세탁기 및 기타 생활 관리 제품을 생산한다.","['가전제품 제조', '우수기 제조', '공기청정기 제조', '비데 제조', '물연화기 제조', '매트리스 제조', '청결 세탁기 제조', '생활 관리 제품 제조']","코웨이 주식회사는 가정용 가전 제품 제조 및 유통에 전문화된 기업으로, 품질과 다양한 제품 라인업이 강점이다. 그러나 시장 경쟁이 치열하여 시장 점유율 확대에는 노력이 필요하다. 이 코멘트는 웹 상의 데이터로 학습한 거대한 언어 모델의 출력 결과입니다. 답변의 정확성을 보장할 수는 없습니다.",powered by gpt-3.5-turbo at 2023-06-30
023530 KS,LOTTE SHOPPING CO,"롯데쇼핑은 한국에서 백화점과 할인점을 운영하는 기업입니다. 본사는 의류, 생활용품, 식품 등 다양한 상품을 여러 지점을 통해 소매 판매하고 있으며, 슈퍼마켓과 영화관도 운영하고 있습니다.","['백화점 운영', '할인점 운영', '슈퍼마켓 운영', '영화관 운영']",롯데쇼핑은 한국에서 많은 지점으로 많은 소매 상품을 제공해주는 강력한 기업입니다. 그러나 경쟁이 치열하고 변화무쌍한 소매업계에서 새로운 경쟁력을 유지해야 할 점은 주목해야 합니다. 이 코멘트는 웹 상의 데이터로 학습한 거대한 언어 모델의 출력 결과입니다. 답변의 정확성을 보장할 수는 없습니다.,powered by gpt-3.5-turbo at 2023-06-30
024110 KS,INDUSTRIAL BANK OF KOREA,"대한민국의 중소기업을 지원하기 위해 개발 금융 및 관련 은행 서비스를 제공하는 Industrial Bank of Korea(IBK)는 정책 은행입니다. 은행은 대출, 어음 할인, 무역 금융, 예금, 외환 및 결제 보증을 제공합니다. 또한 은행은 신용카드, 보험 및 스마트폰 뱅킹과 같은 서비스도 제공합니다.","['개발 금융', '은행 서비스', '대출', '어음 할인', '무역 금융', '예금', '외환', '결제 보증']","Industrial Bank of Korea는 중소기업을 지원하는 정책 은행으로, 개발 금융 및 다양한 은행 서비스를 제공합니다. 그러나 시장 경쟁에서 경쟁력을 유지하기 위해 지속적인 혁신과 기술 개발이 필요합니다. 이 코멘트는 웹 상의 데이터로 학습한 거대한 언어 모델의 출력 결과입니다. 답변의 정확성을 보장할 수는 없습니다.",powered by gpt-3.5-turbo at 2023-06-30
026960 KS,DONGSUH COMPANIES INC,"동서회사는 채소 식용유와 함께 일반 식품 제품을 수입, 제조, 가공, 유통하는 회사입니다. 이 회사는 또한 식품 및 오일 용기를 포함한 포장 재료와 세라믹 제품도 생산합니다. 동서회사는 Kraft Foods Inc.와 협력 관계를 가지고 있습니다.","['식용유 수입 및 유통', '식품 제조 및 가공', '포장 재료 및 세라믹 제품 생산']","동서회사는 채소 식용유를 비롯한 다양한 식품 제품의 수입, 제조, 가공, 유통을 하는 회사로, 또한 포장 재료와 세라믹 제품을 생산합니다. 하지만 다른 회사들과의 경쟁에서 약간의 어려움이 있을 수 있으며, 시장에서의 성장과 확장에 몇 가지 제한이 있을 수도 있습니다. 그러나 Kraft Foods Inc.와의 협력은 회사에게 많은 기회를 제공할 수 있습니다. 이 코멘트는 웹 상의 데이터로 학습한 거대한 언어 모델의 출력 결과입니다. 답변의 정확성을 보장할 수는 없습니다.",powered by gpt-3.5-turbo at 2023-06-30
028050 KS,SAMSUNG ENGINEERING CO LTD,"삼성엔지니어링은 국내외 시장에서 공학 건설 및 프로젝트 관리 서비스를 제공합니다. 석유화학공장, 석유화학공장, 가스공장, 탄화수소 상류, 발전소, 철강공장, 산업용 시설 및 수처리 시설 등을 건설합니다.","['석유화학', '가스', '발전', '철강', '산업']","삼성엔지니어링은 국내외 시장에서 공학 건설과 프로젝트 관리 서비스를 제공하는데, 석유화학, 가스, 발전, 철강, 산업 등 다양한 분야에서 활동하고 있습니다. 이 기업의 장점은 명확한 엔지니어링 독보성과 글로벌 네트워크이며, 단점은 공공 프로젝트에 대한 의존도가 높고 경쟁력이 강해야 한다는 점입니다. 이 코멘트는 웹 상의 데이터로 학습한 거대한 언어 모델의 출력 결과입니다. 답변의 정확성을 보장할 수는 없습니다.",powered by gpt-3.5-turbo at 2023-06-30
028260 KS,SAMSUNG C&T CORP,"삼성 C&T는 다양한 비즈니스 지원 서비스와 리조트 운영 활동을 수행합니다. 회사는 의류 소매, 건설, 에너지, 부동산, 식음료 서비스, 리조트 숙박 등 다양한 분야에서 서비스를 제공합니다. 삼성 C&T는 놀이기구, 동물원, 워터파크, 골프 클럽 및 레스토랑을 운영하는 리조트도 운영하고 있습니다.","['의류 소매', '건설', '에너지', '부동산', '식음료 서비스', '리조트 숙박']","삼성 C&T의 장점은 다양한 비즈니스 분야에서 활동하고 있으며, 서비스의 다양성과 리조트 운영까지 다양한 영역에서 경쟁력을 가지고 있다는 것입니다. 그러나 다양한 사업 영역으로 인해 관리와 의사 결정에 어려움이 있을 수 있으며, 리조트 운영 등 부가 사업에 대한 경쟁력 강화가 필요할 수도 있습니다. 이 코멘트는 웹 상의 데이터로 학습한 거대한 언어 모델의 출력 결과입니다. 답변의 정확성을 보장할 수는 없습니다.",powered by gpt-3.5-turbo at 2023-06-30
028670 KS,PAN OCEAN CO LTD,"팬오션은 주로 국제 운송을 담당하는 선박 운송 회사입니다. 주요 운송 물품으로는 철광석, 석탄, 곡물 및 목재 등이 있습니다.",['선박 운송'],팬오션은 국제 운송을 담당하는 선박 운송 회사로서 경쟁적인 시장에 진입해야하는 동시에 다양한 수익 기회가 있습니다. 그러나 운송 업종의 변동성과 경쟁 환경에서 능동적으로 대응해야하는 도전이 있습니다. 이 코멘트는 웹 상의 데이터로 학습한 거대한 언어 모델의 출력 결과입니다. 답변의 정확성을 보장할 수는 없습니다.,powered by gpt-3.5-turbo at 2023-06-30
029780 KS,SAMSUNG CARD CO,"삼성카드는 카드 발급, 일시불 결제, 할부, 현금서비스와 같은 신용카드 서비스를 제공합니다. 또한 리스와 대출 등 다른 금융 서비스도 제공합니다.",[],"삼성카드는 신용카드 서비스에 특화된 기업으로, 다양한 결제 옵션과 현금서비스를 제공합니다. 그러나 다른 금융 서비스에는 크게 집중하지 않으므로 경쟁력이 부족할 수 있습니다. 이 코멘트는 웹 상의 데이터로 학습한 거대한 언어 모델의 출력 결과입니다. 답변의 정확성을 보장할 수는 없습니다.",powered by gpt-3.5-turbo at 2023-06-30
030000 KS,CHEIL WORLDWIDE INC,"Cheil Worldwide Inc는 신제품 개발 및 광고, 브랜드 관리, 광고 예산 분석, 광고 효과성 평가 등 다양한 마케팅 서비스를 제공합니다. 또한 프로모션 및 광고 자료를 제작, 인쇄, 출판 및 생산합니다.","['신제품 개발 및 광고', '브랜드 관리', '광고 예산 분석', '광고 효과성 평가', '프로모션 및 광고 자료 제작']","Cheil Worldwide Inc는 다양한 마케팅 서비스를 제공하여 기업의 광고 및 브랜드 관리에 도움을 줍니다. 그러나 경쟁이 치열한 광고 산업에서 성공하기 위해서는 창의적이고 혁신적인 접근이 필요하며, 시장 조사 및 트렌드 분석에 대한 강력한 역량이 필요합니다. 이 코멘트는 웹 상의 데이터로 학습한 거대한 언어 모델의 출력 결과입니다. 답변의 정확성을 보장할 수는 없습니다.",powered by gpt-3.5-turbo at 2023-06-29
030200 KS,KT CORP,"KT 코프(주)은 통신 및 디지털 플랫폼 서비스 제공업체로서, 이동통신, 인터넷, IPTV, B2B 통신 및 유선전화를 주요 서비스로 제공합니다. KT는 자회사를 통해 미디어 콘텐츠 제작, 금융, 부동산 개발 및 상업 등 다양한 사업을 운영합니다.","['통신', '디지털 플랫폼 서비스 제공', '이동통신', '인터넷', 'IPTV', 'B2B 통신', '유선전화', '미디어 콘텐츠 제작', '금융', '부동산 개발', '상업']","KT 코프(주)은 통신 및 디지털 플랫폼 서비스 제공업체로서 다양한 사업을 운영하고 있으며, 이동통신, 인터넷, IPTV 등을 비롯한 다양한 주요 서비스를 제공합니다. 또한 자회사를 통해 미디어 콘텐츠 제작, 금융, 부동산 개발 및 상업 등 다른 영역에서도 활발히 사업을 추진하고 있습니다. 그러나 경쟁이 치열하고 시장 환경 변화에 대한 대응이 필요한 등 일부 약점도 보여질 수 있습니다. 이 코멘트는 웹 상의 데이터로 학습한 거대한 언어 모델의 출력 결과입니다. 답변의 정확성을 보장할 수는 없습니다.",powered by gpt-3.5-turbo at 2023-06-29
031430 KS,SHINSEGAE INTERNATIONAL INC,"신세계인터내셔날은 1996년에 신세계에서 분사되었습니다. 해당 회사는 유명한 외국 브랜드를 수입 및 유통하고, 국내 브랜드도 제조 및 유통합니다. 해당 회사의 사업 분야에는 남성 및 여성 의류 도매 유통이 포함됩니다.","['외국 브랜드 수입 및 유통', '국내 브랜드 제조 및 유통', '남성 및 여성 의류 도매 유통']",신세계인터내셔날은 외국 브랜드와 국내 브랜드에 대한 유통 및 제조에 전문화되어 있습니다. 남성 및 여성 의류 도매 분야에서도 성과가 좋습니다. 하지만 경쟁이 치열한 시장에서는 새로운 경쟁사와의 대응이 필요할 수 있습니다. 이 코멘트는 웹 상의 데이터로 학습한 거대한 언어 모델의 출력 결과입니다. 답변의 정확성을 보장할 수는 없습니다.,powered by gpt-3.5-turbo at 2023-06-30
032350 KS,LOTTE TOUR DEVELOPMENT CO LT,"Lotte Tour Development Co., Ltd.는 다양한 여행 패키지 서비스를 제공합니다. 회사는 여행사를 가맹합니다, 가정에서의 여행사업을 제공하며 여가 여행 정보를 제공합니다. 회사는 또한 부동산 개발 및 건물 관리에 종사하며 면세점 사업을 운영합니다.","['여행 패키지 서비스 제공', '여행사 가맹', '가정에서의 여행사업 제공', '여가 여행 정보 제공', '부동산 개발 및 건물 관리', '면세점 사업 운영']","Lotte Tour Development Co., Ltd.는 다양한 여행 패키지 서비스를 제공하여 경제적으로 성공적인 기업입니다. 그러나 면세점 사업 운영에 대한 문제와 경쟁력 있는 시장에서의 낮은 가격 경쟁력은 향후 발전 가능성에 대한 고려가 필요합니다. 이 코멘트는 웹 상의 데이터로 학습한 거대한 언어 모델의 출력 결과입니다. 답변의 정확성을 보장할 수는 없습니다.",powered by gpt-3.5-turbo at 2023-06-30
032640 KS,LG UPLUS CORP,"LG UPLUS CORP은 LG 그룹의 계열사로, 코드 분할 다중 액세스 (CDMA) 기술을 사용하여 개인 통신 서비스 (PCS)를 제공합니다. 이 회사는 전화 전환, 통화 및 데이터 전송, 통화 대기, 음성 메일, 인터넷 전화, 선불 통화 및 인증 텍스트 음성 변환 (TTS) 서비스를 제공합니다.","['개인 통신 서비스 (PCS)', '코드 분할 다중 액세스 (CDMA)', '전화 전환', '통화 및 데이터 전송', '통화 대기', '음성 메일', '인터넷 전화', '선불 통화', '인증 텍스트 음성 변환 (TTS) 서비스']","LG UPLUS CORP은 LG 그룹의 계열사로, 코드 분할 다중 액세스 (CDMA) 기술을 사용하여 다양한 개인 통신 서비스를 제공하는 기업입니다. 이 기업의 장점으로는 LG 그룹의 백지로서의 강력한 지원과 혁신적인 기술력이 있으며, CDMA 기술을 활용한 안정적이고 높은 품질의 서비스를 제공합니다. 하지만 기존 통신 사업자들과의 경쟁이 치열하고, 통신 시장의 포화로 인해 성장에 한계가 있을 수 있습니다. 이 코멘트는 웹 상의 데이터로 학습한 거대한 언어 모델의 출력 결과입니다. 답변의 정확성을 보장할 수는 없습니다.",powered by gpt-3.5-turbo at 2023-06-29
032830 KS,SAMSUNG LIFE INSURANCE CO LT,삼성생명보험은 보험 서비스를 제공하는 회사입니다. 회사는 생명 보험과 건강 보험 서비스를 제공합니다. 삼성생명보험은 한국의 고객을 대상으로 서비스를 제공합니다.,['보험 서비스 제공'],"삼성생명보험은 보험 서비스 분야에서 주요한 기업으로, 한국의 고객들을 대상으로 생명 보험과 건강 보험을 제공합니다. 그러나 삼성생명보험은 다른 보험사들과의 경쟁에서 약간의 애로사항을 겪을 수 있습니다. 이 코멘트는 웹 상의 데이터로 학습한 거대한 언어 모델의 출력 결과입니다. 답변의 정확성을 보장할 수는 없습니다.",powered by gpt-3.5-turbo at 2023-06-30
033780 KS,KT&G CORP,"KT&G 코퍼레이션은 담배 및 기타 담배 제품을 가공, 생산 및 판매합니다. 계열사를 통해 홍삼 제품(홍삼차 및 한약)을 제조합니다. KT&G는 또한 과거 공장 사이트의 부동산 개발 사업에 참여하고 있습니다.","['담배 가공, 생산, 판매', '홍삼 제품 제조', '부동산 개발']","KT&G 코퍼레이션은 담배 및 홍삼 제품을 생산하고 판매하며, 부동산 개발 사업에도 참여하고 있습니다. 이 기업의 강점은 담배 제조업 분야에서 경험과 전문성을 가지고 있으며, 홍삼 제품에 대한 다양한 제품 라인업과 시장 점유율이 높습니다. 한편, 담배 관련 기업이기 때문에 담배 시장의 변화나 규제로 인한 위험성도 존재합니다. 이 코멘트는 웹 상의 데이터로 학습한 거대한 언어 모델의 출력 결과입니다. 답변의 정확성을 보장할 수는 없습니다.",powered by gpt-3.5-turbo at 2023-06-30
034020 KS,DOOSAN ENERBILITY CO LTD,"두산 에너빌리티는 건설 기계를 생산 및 유통하는 기업이다. 회사는 가스 터빈, 엔진, 터빈 발전기, 보일러, 발전소 장비 및 기타 관련 제품을 생산한다. 또한 두산 에너빌리티는 열력 발전, 원자력 발전 및 재생 에너지를 위한 에너지 솔루션도 제공한다.","['건설 기계 생산 및 유통', '가스 터빈 생산', '엔진 생산', '터빈 발전기 생산', '보일러 생산', '발전소 장비 생산', '연계 제품 생산', '열력 발전', '원자력 발전', '재생 에너지 솔루션 제공']","두산 에너빌리티는 건설 기계를 생산하고 유통하는데 전문화되어 있으며, 가스 터빈, 엔진, 터빈 발전기, 보일러와 같은 제품을 생산한다. 또한 열력 발전, 원자력 발전, 재생 에너지를 위한 솔루션을 제공함으로써 에너지 산업에서 중요한 역할을 한다. 그러나 경쟁적인 시장에서 활동하고 있으므로 시장 점유율을 유지하고 품질과 혁신을 높일 필요가 있다. 이 코멘트는 웹 상의 데이터로 학습한 거대한 언어 모델의 출력 결과입니다. 답변의 정확성을 보장할 수는 없습니다.",powered by gpt-3.5-turbo at 2023-06-30
034220 KS,LG DISPLAY CO LTD,"LG 디스플레이는 디지털 디스플레이 제품을 개발하고 제조하는 기업입니다. 회사의 제품에는 노트북 및 데스크탑 컴퓨터 모니터, TV, 휴대폰 및 의료 장비용 얇은 막 트랜지스터-액정 표시장치(TFT-LCD)가 포함됩니다.",[],"LG 디스플레이는 디지털 디스플레이 제품 분야에서 주요한 참가자 중 하나입니다. 기술적 경험과 안정성을 바탕으로 고객에게 다양한 제품을 제공하고 있지만, 경쟁 환경에서 경쟁력을 유지하기 위해 지속적인 혁신과 새로운 시장 수요에 대한 대응이 필요합니다. 이 코멘트는 웹 상의 데이터로 학습한 거대한 언어 모델의 출력 결과입니다. 답변의 정확성을 보장할 수는 없습니다.",powered by gpt-3.5-turbo at 2023-06-29
034730 KS,SK INC,"에스케이 주식회사는 한국 및 국제적으로 에너지, 화학물질, 정보기술, 반도체, 마케팅, 서비스 분야를 포함한 다양한 산업에 종사하는 기업 그룹인 홀딩스 기업으로 운영되고 있다.","['energy', 'chemicals', 'information technology', 'semiconductors', 'marketing', 'services']","SK 주식회사는 다양한 산업에 종사하는 한국 및 국제적인 홀딩스 기업으로, 전문적인 사업분야와 광범위한 영향력을 가지고 있다. 그러나 다양한 분야에 종사하는 것은 리스크를 야기할 수 있으며, 각 분야의 경쟁력을 유지하기 위해 지속적인 투자와 혁신이 필요하다. 이 코멘트는 웹 상의 데이터로 학습한 거대한 언어 모델의 출력 결과입니다. 답변의 정확성을 보장할 수는 없습니다.",powered by gpt-3.5-turbo at 2023-07-04
035250 KS,KANGWON LAND INC,KANGWON LAND INC는 한국 강원도 지역에 위치한 카지노 및 호텔 서비스 제공업체입니다. 회사는 폐광을 개발하고 게임 및 엔터테인먼트 시설을 건설합니다. KANGWON LAND는 국내 및 국제 고객을 위해 게임 테이블과 슬롯 머신을 운영합니다.,"['카지노', '호텔 서비스 제공']","KANGWON LAND INC의 장점은 한국 강원도 지역의 유일한 카지노로서 국내외 고객에게 다양한 게임 및 엔터테인먼트 시설을 제공할 수 있다는 것입니다. 그러나 카지노 업종의 경쟁이 치열하고, 정부의 규제와 제한사항에 영향을 받을 수 있다는 단점도 있습니다. 이 코멘트는 웹 상의 데이터로 학습한 거대한 언어 모델의 출력 결과입니다. 답변의 정확성을 보장할 수는 없습니다.",powered by gpt-3.5-turbo at 2023-06-30
035420 KS,NAVER CORP,"NAVER는 검색 엔진, 온라인 게임 및 콘텐츠 개발 등 웹 포털 서비스를 제공하는 인터넷 사이트입니다. 또한 배너 광고를 통한 온라인 마케팅 서비스와 전자 상거래 서비스를 제공합니다. NAVER는 전 세계 고객을 대상으로 서비스를 제공합니다.","['웹 포털 서비스', '검색 엔진', '온라인 게임', '콘텐츠 개발', '온라인 마케팅 서비스', '전자 상거래 서비스']",NAVER는 웹 포털 서비스와 검색 엔진 분야에서 탁월한 성과를 거둔 선도적인 기업입니다. 그러나 온라인 게임 및 콘텐츠 개발에도 투자하였지만 그 성과는 아직 미미합니다. 또한 배너 광고와 전자 상거래 서비스를 통한 온라인 마케팅 분야에서도 경쟁이 치열합니다. 이 코멘트는 웹 상의 데이터로 학습한 거대한 언어 모델의 출력 결과입니다. 답변의 정확성을 보장할 수는 없습니다.,powered by gpt-3.5-turbo at 2023-06-29
035720 KS,KAKAO CORP,"카카오는 뉴스, 무료 이메일 및 레저 정보와 같은 인터넷 포털 서비스를 제공하는 기업입니다. 또한 사용자들이 메시지를 교환할 수 있는 플랫폼 간 모바일 메시징 애플리케이션도 제공합니다.",[],"KAKAO CORP은(는) 효율적이고 다양한 온라인 서비스로 많은 인기를 끌고 있지만, 경쟁이 치열하여 새로운 시장에서 적극적인 성장을 보여주는 것에 더 집중해야 할 것으로 보입니다. 이 코멘트는 웹 상의 데이터로 학습한 거대한 언어 모델의 출력 결과입니다. 답변의 정확성을 보장할 수는 없습니다.",powered by gpt-3.5-turbo at 2023-06-29
036460 KS,KOREA GAS CORPORATION,"한국 가스공사는 한국 전역에서 액화천연가스(LNG)와 액화 석유가스(LPG)를 제조, 도매 및 유통하는 기업입니다. 또한 국내 유통을 위한 LNG 수입 단지 및 공급망을 구축하고 운영합니다. 한국 가스공사는 오만과 카타르에 위치한 LNG 공급업체에 투자합니다.","['LNG 제조', 'LPG 제조', 'LNG 및 LPG 도매 및 유통', 'LNG 수입 단지 및 공급망 구축 및 운영', '오만 및 카타르에 위치한 LNG 공급업체 투자']","한국 가스공사는 액화천연가스 및 액화 석유가스 제조, 도매 및 유통에 강점을 가지고 있습니다. 또한 국내 및 국제적으로 LNG 수입 단지 및 공급망을 구축하고 운영하여 전략적인 위치를 차지하고 있습니다. 다만, 에너지 시장 변동성에 노출되어 있어 경쟁 환경에서 효율적인 경영이 요구되고 있습니다. 이 코멘트는 웹 상의 데이터로 학습한 거대한 언어 모델의 출력 결과입니다. 답변의 정확성을 보장할 수는 없습니다.",powered by gpt-3.5-turbo at 2023-06-29
036570 KS,NCSOFT CORP,"NCSOFT는 인터넷을 통해 사용자들이 온라인 게임을 플레이하고 웹 편집 소프트웨어와 같은 컴퓨터 소프트웨어를 이용할 수 있는 기업입니다. 또한, 데이터베이스, 이트라넷 및 상용 인터넷 접속 시스템의 설계 및 구축도 수행합니다.","['온라인 게임 개발 및 마케팅', '소프트웨어 개발', '데이터베이스 설계 및 구축', '이트라넷 및 인터넷 접속 시스템 구축']","NCSOFT는 온라인 게임 개발과 마케팅, 소프트웨어 개발, 데이터베이스 설계 및 구축, 그리고 이트라넷 및 인터넷 접속 시스템 구축 분야에서의 경험과 노하우를 가지고 있습니다. 하지만, 경쟁이 치열한 게임 산업에서 성공을 이루기 위해서는 지속적인 혁신과 창의성이 필요합니다. 이 코멘트는 웹 상의 데이터로 학습한 거대한 언어 모델의 출력 결과입니다. 답변의 정확성을 보장할 수는 없습니다.",powered by gpt-3.5-turbo at 2023-06-29
039130 KS,HANA TOUR SERVICE INC,"HANA TOUR SERVICE INC는 다양한 여행 관련 서비스를 도매로 제공하는 기업입니다. 이 회사는 해외 여행, 국내 여행 패키지를 제공하며, 신용카드 회사 및 인터넷 쇼핑몰과 협력하여 서비스를 마케팅합니다. HANA TOUR SERVICE INC는 해외 크루즈 및 철도패스의 일반 판매 대리점(GSA)으로도 활동하고 있습니다.","['도매 여행 서비스', '해외 여행 패키지', '국내 여행 패키지', '신용카드 회사와의 협력', '인터넷 쇼핑몰과의 협력', '해외 크루즈와 철도패스의 일반 판매 대리점']","HANA TOUR SERVICE INC는 다양한 여행 관련 서비스를 도매로 제공하며, 해외 여행 패키지뿐만 아니라 국내 여행 패키지까지도 제공합니다. 또한, 신용카드 회사와 인터넷 쇼핑몰과의 협력을 통해 서비스를 효과적으로 마케팅하고 있습니다. 장점으로는 다양한 여행 서비스를 제공함으로써 고객들에게 다양한 선택지를 제공할 수 있다는 점이 있습니다. 하지만, 여행 산업은 경쟁이 매우 치열하고 예기치 못한 사건으로 인해 수요가 급속하게 변하는 점이 단점으로 작용할 수 있습니다. 이 코멘트는 웹 상의 데이터로 학습한 거대한 언어 모델의 출력 결과입니다. 답변의 정확성을 보장할 수는 없습니다.",powered by gpt-3.5-turbo at 2023-06-30
039490 KS,KIWOOM SECURITIES CO LTD,"키움증권은 온라인 금융기관으로 개인 투자자들에게 주식 및 채권 중개, 계좌 개설, 증권 언더라이팅 등의 서비스를 제공합니다.","['주식 중개', '채권 중개', '증권 언더라이팅']","키움증권은 온라인 금융 기관으로 개인 투자자들에게 다양한 주식 및 채권 중개 서비스를 제공하며, 특히 증권 언더라이팅 분야에서 잘 알려져 있습니다. 그러나 경쟁적인 시장에서 활동하고 있기 때문에, 다른 금융기관과의 경쟁력을 유지해야 하는 과제가 있을 수 있습니다. 이 코멘트는 웹 상의 데이터로 학습한 거대한 언어 모델의 출력 결과입니다. 답변의 정확성을 보장할 수는 없습니다.",powered by gpt-3.5-turbo at 2023-06-30
042660 KS,HANWHA OCEAN CO LTD,"한화종합해운은 조선 및 해양 영업을 운영하는 기업입니다. 이 기업은 부유 구조물 건설, 강선 건조, 상업용 선박, 특수 선박, 가스 운반선, 탱커, 화물선, 잠수함, 전함, 부속선택, 크루즈선 및 페리 제작 서비스를 제공합니다. 한화종합해운은 또한 육상 공장 서비스도 제공합니다.","['부유 구조물 건설', '강선 건조', '상업용 선박', '특수 선박', '가스 운반선', '탱커', '화물선', '잠수함', '전함', '부속선택', '크루즈선', '페리', '육상 공장']","한화종합해운은 조선 및 해양 분야에서 다양한 서비스를 제공하여 다른 기업들과 경쟁력을 유지하고 있습니다. 그러나 이 기업의 주요 동력은 부유 구조물 건설 및 선박 제작 분야에 있으며, 다양한 유형의 선박 및 부속선택에 대한 우수한 기술과 전문 지식을 보유하고 있습니다. 한편, 이 기업은 육상 공장 서비스도 제공하며, 사업 영역을 다각화하여 안정성을 갖춘 포트폴리오를 구축하고 있습니다. 이 코멘트는 웹 상의 데이터로 학습한 거대한 언어 모델의 출력 결과입니다. 답변의 정확성을 보장할 수는 없습니다.",powered by gpt-3.5-turbo at 2023-06-30
042670 KS,HD HYUNDAI INFRACORE CO LTD,"HD 현대인프라코는 건설장비를 제조 및 유통하는 기업입니다. 디젤과 가스 엔진, 굴삭기, 휠 로더, 아티큘레이트 덤프 트럭 등과 관련 제품을 생산합니다. HD 현대인프라코는 전 세계에 제품을 판매합니다.","['건설장비 제조', '엔진 제조', '유통']","HD 현대인프라코의 장점은 건설장비 제조와 유통에 있으며, 전 세계적으로 제품을 판매하는 네트워크를 갖추고 있습니다. 그러나 인프라 수요의 변동에 민감하게 영향을 받을 수 있는 단점도 존재합니다. 이 코멘트는 웹 상의 데이터로 학습한 거대한 언어 모델의 출력 결과입니다. 답변의 정확성을 보장할 수는 없습니다.",powered by gpt-3.5-turbo at 2023-06-30
047040 KS,DAEWOO ENGINEERING & CONSTR,"대우건설은 일반건설업체이며, 주요 프로젝트는 상업용 건물, 공공시설, 학교, 병원 등의 건축물 및 고속도로, 항만, 터널, 철도 및 댐 등의 시설물이다. 또한 대우건설은 발전소와 주거용 건물도 건설한다.","['건설', '공사', '시설물', '발전소', '주거용 건물']","대우건설은 다양한 건설 프로젝트에 참여하며, 상세한 업무 경험과 전문성을 갖고 있습니다. 그러나 경쟁 치열한 시장에서의 성공을 위해 혁신과 효율성을 강화해야 할 필요가 있습니다. 이 코멘트는 웹 상의 데이터로 학습한 거대한 언어 모델의 출력 결과입니다. 답변의 정확성을 보장할 수는 없습니다.",powered by gpt-3.5-turbo at 2023-06-30
047050 KS,POSCO INTERNATIONAL CORP,"POSCO INTERNATIONAL CORP는 종합 무역 회사로서 운영합니다. 해당 회사는 철강, 시멘트, 원유, 대형 기계, 자동차 부품 및 직물 등을 수출 및 수입합니다. 또한 POSCO INTERNATIONAL은 신합성 직물을 신발, 의류 및 자동차 시트용으로 제조합니다.","['철강 수출 및 수입', '시멘트 수출 및 수입', '원유 수출 및 수입', '대형 기계 수출 및 수입', '자동차 부품 수출 및 수입', '직물 제조']","POSCO INTERNATIONAL CORP는 다양한 산업 분야에서 활발하게 활동하고 있으며, 철강, 시멘트, 원유, 대형 기계, 자동차 부품 및 직물 등을 수출 및 수입하며 신합성 직물을 제조합니다. 이러한 다변화된 사업 포트폴리오는 기업의 많은 장점이지만, 다른 기업과 경쟁하거나 산업의 변동성에 영향을 받을 수도 있는 단점이 될 수 있습니다. 그러나 POSCO INTERNATIONAL CORP는 경험과 전문성을 바탕으로 시장에서 안정적으로 성장하고 있습니다. 이 코멘트는 웹 상의 데이터로 학습한 거대한 언어 모델의 출력 결과입니다. 답변의 정확성을 보장할 수는 없습니다.",powered by gpt-3.5-turbo at 2023-06-30
047810 KS,KOREA AEROSPACE INDUSTRIES,한국항공우주산업은 항공기와 헬리콥터를 위한 고정익 및 회전익 등 항공기 부품을 설계하고 생산하는 회사입니다. 회사는 또한 항공기 개조 및 수정 사업과 위성 개발 서비스에 참여하고 있습니다.,"['항공기 부품 설계 및 생산', '항공기 개조 및 수정 사업', '위성 개발 서비스']","한국항공우주산업은 항공기 부품 설계 및 생산, 항공기 개조 및 수정 사업, 그리고 위성 개발 서비스에 참여하고 있어서 기술력과 다양한 사업 영역에서의 경쟁력을 갖고 있습니다. 하지만 산업 내 경쟁이 치열하고 전반적인 경제 상황에 따라 사업 영향을 받을 수 있습니다. 이 코멘트는 웹 상의 데이터로 학습한 거대한 언어 모델의 출력 결과입니다. 답변의 정확성을 보장할 수는 없습니다.",powered by gpt-3.5-turbo at 2023-06-30
051600 KS,KEPCO PLANT SERVICE & ENGINE,"KEPCO Plant Service & Engineering는 발전소와 산업 단지에서 유지보수 서비스를 제공합니다. 주요 서비스 분야로는 터빈 유지보수, 발전기 및 모터 유지보수, 펌프 유지보수, 보일러 유지보수가 있습니다.",[],"KEPCO Plant Service & Engineering은 발전소와 산업 단지에서 유지보수 서비스를 제공하는 기업으로, 터빈, 발전기, 모터, 펌프, 보일러 등 다양한 분야에서 유지보수 경험과 노하우를 보유하고 있습니다. 그러나 경쟁이 치열한 시장에서 경쟁 우위를 확보하기 위해서는 기술력과 혁신성을 높이는 노력이 필요합니다. 이 코멘트는 웹 상의 데이터로 학습한 거대한 언어 모델의 출력 결과입니다. 답변의 정확성을 보장할 수는 없습니다.",powered by gpt-3.5-turbo at 2023-06-30
051900 KS,LG H&H,"LG H&H는 화장품을 제조 및 유통하는 회사입니다. 회사는 누락, 오해, 숨 37, 기본 화장품, 컬러 화장품 및 기타 관련 제품을 생산합니다. LG H&H는 또한 치약, 비누, 세제, 건강 제품, 개인 위생 제품 및 상쾌한 제품을 생산합니다.","['화장품 제조 및 유통', '치약, 비누, 세제 생산', '건강 제품 제조', '개인 위생 제품 제조', '상쾌한 제품 제조']","LG H&H는 화장품을 제조하고 유통하는데 있어서 주요한 회사이지만, 다른 분야에 비해 치약, 비누, 세제 등의 부가적인 제품 생산분야에도 집중하고 있습니다. 이는 다양한 시장에서의 경쟁력을 확보하는데 도움이 될 수 있습니다. 그러나 이 회사는 화장품 시장에서의 경쟁이 치열하며 기술적인 혁신이 필요할 수도 있습니다. 이 코멘트는 웹 상의 데이터로 학습한 거대한 언어 모델의 출력 결과입니다. 답변의 정확성을 보장할 수는 없습니다.",powered by gpt-3.5-turbo at 2023-06-30
051910 KS,LG CHEM LTD,"LG CHEM LTD는 화학 제조업체입니다. 이 회사의 제품에는 석유화학제품, 플라스틱 수지 및 공학 플라스틱이 포함됩니다. LG Chem은 또한 산업용 및 전자 재료도 생산합니다.",[],"LG CHEM LTD는 화학 제조업체로서 다양한 제품을 생산하는 것이 강점입니다. 한편, 경쟁사와의 경쟁력 강화가 필요한 부분도 있을 것입니다. 이 코멘트는 웹 상의 데이터로 학습한 거대한 언어 모델의 출력 결과입니다. 답변의 정확성을 보장할 수는 없습니다.",powered by gpt-3.5-turbo at 2023-06-30
052690 KS,KEPCO ENGINEERING & CONSTRUC,"KEPCO Engineering & Construction Company, Inc.은 원자력 및 화력으로 발전하는 발전소를 설계합니다. 또한, 기업은 발전소 공학 서비스 및 전력 산업에 대한 컨설팅 서비스도 제공합니다.","['발전소 설계', '발전소 공학 서비스', '전력 산업 컨설팅 서비스']","KEPCO Engineering & Construction Company, Inc.은 원자력과 화력으로 발전소를 설계하고 발전소 공학 서비스 및 전력 산업 컨설팅 서비스를 제공하는 것에서 주요 장점을 가지고 있습니다. 그러나 이 기업의 부족한 점은 명확히 나타내지 않았으며 추가적인 정보가 필요합니다. 이 코멘트는 웹 상의 데이터로 학습한 거대한 언어 모델의 출력 결과입니다. 답변의 정확성을 보장할 수는 없습니다.",powered by gpt-3.5-turbo at 2023-06-30
055550 KS,SHINHAN FINANCIAL GROUP LTD,"신한금융그룹은 소비자와 상업 은행 영역에 관련된 다양한 금융서비스를 제공하는 기업으로, 기업의 주요 사업은 개인, 기업 및 다른 금융 기관에 대한 은행, 증권 중개, 신탁 은행 및 자산 관리 등이다.","['은행', '증권 중개', '신탁 은행', '자산 관리']","신한 금융 그룹은 소비자와 상업 은행 영역에서 다양한 금융 서비스를 제공하여 성장하고 있다. 그러나 경쟁이 치열하여 시장 점유율 확대와 더 큰 규모의 사업 확장이 필요하다. 또한, 부실 채권 관리에 대한 더욱 강력한 대응이 필요하다. 이 코멘트는 웹 상의 데이터로 학습한 거대한 언어 모델의 출력 결과입니다. 답변의 정확성을 보장할 수는 없습니다.",powered by gpt-3.5-turbo at 2023-06-30
057050 KS,HYUNDAI HOME SHOPPING NETWOR,"현대홈쇼핑네트워크는 소비자 제품을 판매하는 회사입니다. 제품에는 의류, 가전제품, 식품 및 명품이 포함됩니다. 현대홈쇼핑은 TV 홈쇼핑 채널, 카탈로그 및 인터넷 쇼핑몰을 통해 소매판매를 진행합니다.","['의류', '가전제품', '식품', '명품']",현대홈쇼핑네트워크는 다양한 제품을 판매하여 다른 고객층의 수요를 충족시킬 수 있는 장점이 있습니다. 그러나 경쟁이 치열한 소매업 분야에서 경쟁력을 유지하는 것이 도전입니다. 이 코멘트는 웹 상의 데이터로 학습한 거대한 언어 모델의 출력 결과입니다. 답변의 정확성을 보장할 수는 없습니다.,powered by gpt-3.5-turbo at 2023-06-30
064350 KS,HYUNDAI ROTEM COMPANY,"현대로템은 철도 기자재와 군용 차량을 제조합니다. 높은 속도 기차, 경전철, 기관차 및 승객용 차량, 주력 전차, 보급차와 관련 군용 장비를 생산합니다. 현대로템은 전 세계적으로 사업을 진행하고 있습니다.","['철도 기자재 제조', '군용 차량 제조']",현대로템은 철도 기자재와 군용 차량 분야에서 주로 활동하고 있습니다. 이 기업의 장점은 글로벌 시장에서 다양한 사업이 이루어지고 있다는 점입니다. 그러나 경쟁이 치열하고 기술적인 혁신이 필요한 분야기 때문에 도전과 발전이 필요합니다. 이 코멘트는 웹 상의 데이터로 학습한 거대한 언어 모델의 출력 결과입니다. 답변의 정확성을 보장할 수는 없습니다.,powered by gpt-3.5-turbo at 2023-07-04
066570 KS,LG ELECTRONICS INC,"LG 전자는 디지털 디스플레이 장비와 가전제품을 제조 및 마케팅하는 기업입니다. 평판형 텔레비전, 오디오/비디오 제품, 세탁기, 에어컨 및 냉장고뿐만 아니라 스마트폰 및 태블릿과 같은 통신 장비도 생산 및 판매합니다.","['디지털 디스플레이 장비 제조', '가전제품 제조 및 마케팅', '통신 장비 생산 및 판매']",LG 전자는 다양한 디지털 디스플레이와 가전제품을 생산하여 다른 기업들과의 경쟁력을 유지하고 있습니다. 그러나 통신 장비 시장에서의 경쟁은 제한된 자원과 기술적인 도전에 직면하고 있습니다. 이 코멘트는 웹 상의 데이터로 학습한 거대한 언어 모델의 출력 결과입니다. 답변의 정확성을 보장할 수는 없습니다.,powered by gpt-3.5-turbo at 2023-07-04
068270 KS,CELLTRION INC,"Celltrion, Inc.는 바이오시밀러 제품을 생산하고 판매하며, 다른 기업을 위한 위탁 가공 서비스도 제공합니다.",[],"Celltrion, Inc.은 바이오시밀러 제품을 생산하고 판매하는데 강점을 가지고 있으며, 다양한 기업들에게 위탁 가공 서비스를 제공하여 비즈니스적으로 번창할 수 있습니다. 그러나 경쟁사와의 경쟁이 치열하여 새로운 제품 개발과 마케팅 전략을 계속해서 고민해야 하는 도전도 존재합니다. 이 코멘트는 웹 상의 데이터로 학습한 거대한 언어 모델의 출력 결과입니다. 답변의 정확성을 보장할 수는 없습니다.",powered by gpt-3.5-turbo at 2023-06-29
069260 KS,TKG HUCHEMS,"TKG Huchems는 세밀한 화학 물질 회사로, 질산, 질산암모늄, 디니트로톨루엔 등과 같은 세밀한 화학 물질 핵심 원료를 제조 및 유통합니다. TKG Huchems는 전 세계에 제품을 판매합니다.","['제조', '유통', '화학 물질']","TKG Huchems는 세밀한 화학 물질 회사로, 자사의 원료 제조 및 판매에 집중하고 있습니다. 이를 통해 기업은 전 세계 시장에서 좋은 성과를 얻고 있습니다. 그러나 경쟁적인 화학 산업에서 효과적인 마케팅 전략 구축이 필요할 것으로 보입니다. 이 코멘트는 웹 상의 데이터로 학습한 거대한 언어 모델의 출력 결과입니다. 답변의 정확성을 보장할 수는 없습니다.",powered by gpt-3.5-turbo at 2023-06-30
069620 KS,DAEWOONG PHARMACEUTICAL CO,"대웅제약은 다양한 의약품과 비타민 보충제를 개발합니다. 대웅의 의약품은 심혈관, 피부과, 항생제 등 다양한 의료 영역에서 사용됩니다. 대웅의 일반용 제품은 금연 보조제, 비타민 및 미네랄을 포함합니다.","['의약품 개발', '비타민 보충제 개발', '일반용 제품 생산']","대웅제약은 의약품과 비타민 보충제를 개발하고 다양한 의료 영역에서 사용됩니다. 그러나 일부에서는 일반용 제품이 다소 제한적일 수 있습니다. 그러나 기업은 금연 보조제 및 비타민과 같은 일반용 제품에 집중하고 있는데, 이는 대중들의 건강에 좋은 영향을 미칠 수 있습니다. 이 코멘트는 웹 상의 데이터로 학습한 거대한 언어 모델의 출력 결과입니다. 답변의 정확성을 보장할 수는 없습니다.",powered by gpt-3.5-turbo at 2023-06-29
069960 KS,HYUNDAI DEPT STORE CO,"현대백화점은 전국적으로 현대백화점 브랜드로 백화점 사업을 운영합니다. 또한 케이블 채널을 위한 홈쇼핑 프로그램을 제작하고, 홈쇼핑 프로그램을 통해 상품을 판매합니다.","['백화점 운영', '홈쇼핑 프로그램 제작 및 판매']","현대백화점은 국내에서 백화점 사업을 성공적으로 운영하고 있으며, 홈쇼핑 프로그램을 통해 다양한 상품을 판매함으로써 매출을 올리고 있습니다. 그러나 경쟁사와의 경쟁력을 유지하기 위해서는 지속적인 혁신과 고객경험 개선에 노력해야 할 필요가 있습니다. 이 코멘트는 웹 상의 데이터로 학습한 거대한 언어 모델의 출력 결과입니다. 답변의 정확성을 보장할 수는 없습니다.",powered by gpt-3.5-turbo at 2023-06-30
071050 KS,KOREA INVESTMENT HOLDINGS CO,"코리아인베스트먼트홀딩스는 금융 지주회사입니다. 회사는 코리아인베스트먼트증권, 코리아인베스트먼트파트너스, 그리고 코리아인베스트먼트저축은행 등 금융 자회사를 운영하고 통제하고 있습니다.",[],"코리아인베스트먼트홀딩스는 금융 지주회사로서 다양한 금융 자회사를 운영하고 통제하고 있습니다. 장점으로는 다양한 금융 부문에서의 경력과 전문성을 보유하고 있으며, 시장 상황에 민첩하게 대응할 수 있는 유연성을 가지고 있습니다. 단점으로는 경쟁이 치열한 금융 시장에서 주력 사업 분야에 따른 적절한 경영 전략이 필요하며, 금융 시장의 불안정성에 영향을 받을 수 있습니다. 이 코멘트는 웹 상의 데이터로 학습한 거대한 언어 모델의 출력 결과입니다. 답변의 정확성을 보장할 수는 없습니다.",powered by gpt-3.5-turbo at 2023-06-30
073240 KS,KUMHO TIRE CO INC,"금호타이어는 다양한 자동차용 타이어와 씨슬을 설계 및 생산하는 회사입니다. 주요 제품으로는 세단, SUV, RV, 트럭 및 버스용 타이어와 튜브가 있으며, 또한 레이싱 타이어도 제공합니다.",[],"금호타이어는 다양한 차량용 타이어를 생산하는데 강점이 있으며, 레이싱 타이어 분야에서도 경쟁력을 갖고 있습니다. 하지만 시장에서 경쟁이 치열하며, 기술적인 혁신과 비용 절감에 더 많은 주력이 필요합니다. 이 코멘트는 웹 상의 데이터로 학습한 거대한 언어 모델의 출력 결과입니다. 답변의 정확성을 보장할 수는 없습니다.",powered by gpt-3.5-turbo at 2023-06-30
078930 KS,GS HOLDINGS,GS 홀딩스는 다양한 사업 분야에서 자회사를 운영하는 지주회사입니다.,[],"GS 홀딩스는 다양한 사업 분야에서 다양한 자회사를 운영하고 있으며, 이를 통해 다각화된 비즈니스 포트폴리오를 구축하고 있습니다. 그러나 여러 사업 분야에 투자하는 만큼, 산업의 변동성에 민감하게 영향을 받을 수 있습니다. 또한 자회사 간의 시너지 창출이 어려울 수 있으며, 경영 효율성 및 사업 전략의 일관성을 유지하기 위한 도전이 있을 수 있습니다. 이 코멘트는 웹 상의 데이터로 학습한 거대한 언어 모델의 출력 결과입니다. 답변의 정확성을 보장할 수는 없습니다.",powered by gpt-3.5-turbo at 2023-06-30
079550 KS,LIG NEX1 CO LTD,"LIG Nex1은 군사 및 방위 무기 시스템을 제조하는 기업입니다. 회사는 미사일, 무선 장비, 어뢰, 레이더 장비 및 기타 방위 제품을 개발합니다. LIG Nex1은 세계 방위 산업을 위한 무기를 생산하며 전국에서 운영합니다.",[],LIG Nex1은 군사 및 방위 무기 시스템 분야에서 수많은 경험과 교육을 통해 축적한 전문성으로 인해 일류 기업으로 평가됩니다. 그러나 경쟁이 치열하고 예산 관리의 어려움이 있는 등 몇 가지 도전 과제가 있습니다. 이 코멘트는 웹 상의 데이터로 학습한 거대한 언어 모델의 출력 결과입니다. 답변의 정확성을 보장할 수는 없습니다.,powered by gpt-3.5-turbo at 2023-06-30
081660 KS,FILA HOLDINGS CORP,"FILA 홀딩스는 스포츠용품을 디자인하고 판매하는 회사입니다. 이 회사는 스포츠 의류, 신발, 액세서리 제품을 유통 및 도매로 판매합니다. FILA 홀딩스는 제품을 전 세계적으로 판매하고 있습니다.","['스포츠 의류', '신발', '액세서리 제품의 유통 및 도매']","FILA 홀딩스는 스포츠 의류, 신발, 및 액세서리 제품을 유통 및 도매하는 기업으로, 전 세계적으로 제품을 판매하고 있습니다. 그러나, 이 기업의 단점으로는 경쟁이 치열하고 시장 변동성에 민감할 수 있다는 점이 있습니다. 그래서 적절한 경영 전략과 시장 파악이 필요합니다. 이 코멘트는 웹 상의 데이터로 학습한 거대한 언어 모델의 출력 결과입니다. 답변의 정확성을 보장할 수는 없습니다.",powered by gpt-3.5-turbo at 2023-06-30
086280 KS,HYUNDAI GLOVIS CO LTD,"현대글로비스는 국내외 물류 서비스를 제공하는 기업으로, 국내 운송, 창고 보관, 포장, 차량 물류, 물류 컨설팅 등의 서비스를 제공한다. 또한 현대글로비스는 중고차 경매 시장도 운영하고 있다.","['국내 운송', '창고 보관', '포장', '차량 물류', '물류 컨설팅', '중고차 경매 시장']","현대글로비스는 국내외 물류 서비스를 제공하는 기업으로, 국내에서는 다양한 물류 서비스를 제공하고 있고, 중고차 경매 시장도 운영하고 있어서 이를 통해 차량 관련 비즈니스에 강점을 가지고 있다. 그러나 국제 물류 시장에서의 경쟁이 치열하고, 물류 서비스 업계의 변화에 따른 대응이 필요하다. 이 코멘트는 웹 상의 데이터로 학습한 거대한 언어 모델의 출력 결과입니다. 답변의 정확성을 보장할 수는 없습니다.",powered by gpt-3.5-turbo at 2023-07-04
086790 KS,HANA FINANCIAL GROUP,"하나금융지주는 2005년 12월 1일에 설립되어, 계열사의 주주들로부터 주식 양도를 받아 계열사에 대한 경영 지원 및 자금 조달을 제공하기 위해 설립된 회사입니다.",[],"하나금융지주는 한국에서 규모가 큰 금융 그룹 중 하나로써, 다양한 계열사를 보유하고 있으며 금융 서비스 분야에서 강점을 가지고 있습니다. 그러나 경쟁이 치열한 금융 시장에서 확장이나 성장을 위해서는 더욱 진취적인 전략이 요구됩니다. 이 코멘트는 웹 상의 데이터로 학습한 거대한 언어 모델의 출력 결과입니다. 답변의 정확성을 보장할 수는 없습니다.",powered by gpt-3.5-turbo at 2023-06-30
088350 KS,HANWHA LIFE INSURANCE CO LTD,"한화생명보험은 생명보험과 재보험 서비스를 제공하는 회사입니다. 또한 하위 회사를 통해 재산과 사상계약 보험, 음료사업, 부동산 임대 및 증권 투자 사업도 운영합니다. 한화생명보험은 한국 고객을 대상으로 서비스를 제공합니다.","['생명보험 서비스', '재보험 서비스', '재산 및 사상계약 보험', '음료사업', '부동산 임대', '증권 투자 사업']","한화생명보험은 한국을 대상으로 생명보험과 재보험 서비스를 제공합니다. 다양한 사업 분야에 진출하여 사상계약 보험, 음료사업, 부동산 임대 및 증권 투자 사업도 운영합니다. 그러나 경쟁이 치열한 보험 시장에서 확장성과 가격 경쟁력을 유지하는 것이 도전적일 수 있습니다. 이 코멘트는 웹 상의 데이터로 학습한 거대한 언어 모델의 출력 결과입니다. 답변의 정확성을 보장할 수는 없습니다.",powered by gpt-3.5-turbo at 2023-06-30
090430 KS,AMOREPACIFIC CORP,"AMOREPACIFIC CORP는 피부 관리, 메이크업, 향수 제품을 개발, 제조 및 수출하는 기업입니다. 또한 샴푸, 비누, 치약 및 건강 차 등 개인 관리 및 건강 관련 제품을 생산 및 판매합니다. AMOREPACIFIC는 전 세계에서 제품을 마케팅합니다.","['피부 관리 제품 개발', '메이크업 제품 개발', '향수 제품 개발', '개인 관리 제품 생산 및 판매', '건강 관련 제품 생산 및 판매']","AMOREPACIFIC CORP는 피부 관리, 메이크업 및 향수 제품과 함께 샴푸, 비누, 치약 및 건강 차와 같은 다양한 건강 관련 제품도 제공합니다. 그들의 글로벌 마케팅은 세계적으로 널리 알려져 있지만, 경쟁력 있는 시장에서의 입지가 단점으로 작용할 수 있습니다. 이 코멘트는 웹 상의 데이터로 학습한 거대한 언어 모델의 출력 결과입니다. 답변의 정확성을 보장할 수는 없습니다.",powered by gpt-3.5-turbo at 2023-06-30
093370 KS,FOOSUNG CO LTD,푸성은 화학 화합물과 차량용 액세서리인 카 매트 등을 제조 및 판매하는 기업입니다.,"['화학 화합물 제조', '차량 액세서리 제조']","푸성은 화학 화합물과 차량 액세서리 제조 및 판매를 전문으로 하는 기업으로, 시장에서 꾸준한 성장세를 보여주고 있습니다. 그러나 경쟁사들과의 격돌이 늘어나고 있어 새로운 혁신적인 제품을 개발해야 할 필요가 있습니다. 이 코멘트는 웹 상의 데이터로 학습한 거대한 언어 모델의 출력 결과입니다. 답변의 정확성을 보장할 수는 없습니다.",powered by gpt-3.5-turbo at 2023-06-30
096770 KS,SK INNOVATION CO LTD,"SK 이노베이션은 석유를 정제하고 판매하며 유통하는 기업입니다. 회사는 휘발유, 기화유, 액화 석유 가스 및 경유를 생산하고, 파라실렌, 합성 수지, 스티렌 모노머 및 에틸렌 등의 석유 화학 제품을 제조합니다. SK 이노베이션은 세계적으로 다양한 고객을 서비스합니다.","['정유', '화학']",SK 이노베이션의 장점은 석유 및 석유 화학 제품 다양성을 통해 글로벌 고객을 서비스하는 능력입니다. 그러나 석유 산업의 변동성과 경쟁력 있는 시장에서 경쟁해야 하는 어려움이 있을 수 있습니다. 이 코멘트는 웹 상의 데이터로 학습한 거대한 언어 모델의 출력 결과입니다. 답변의 정확성을 보장할 수는 없습니다.,powered by gpt-3.5-turbo at 2023-06-29
097950 KS,CJ CHEILJEDANG CORP,"CJ 철제당은 가공식품을 생산하는 기업이다. 이 회사의 제품에는 정제 설탕, MSG, 조미료, 밀 가루, 밀가루, 식용유, 가공 고기, 사료 등이 포함된다. CJ 철제당은 또한 제약 및 가정용품도 생산한다.","['refined sugar', 'monosodium glutamate (MSG)', 'condiment', 'wheat powder', 'flour', 'cooking oil', 'processed meats', 'animal feed']","CJ 철제당은 가공식품 분야에서 강력한 명성과 전문성을 갖고 있지만, 제약 및 가정용품 분야에서는 경쟁력이 부족한 편이다. 이 코멘트는 웹 상의 데이터로 학습한 거대한 언어 모델의 출력 결과입니다. 답변의 정확성을 보장할 수는 없습니다.",powered by gpt-3.5-turbo at 2023-06-30
103140 KS,POONGSAN CORP,"Poongsan Corporation는 비철금속 및 방어 관련 제품을 제조합니다. 회사는 또한 동전 블랭크, 캔, 스테인리스 스틸 스트립, 리드프레임 합금, 주석 도금 스트립, 바 및 알갱이 등을 생산합니다. 또한 반도체, 기계, 다이 및 게이지를 위한 리드프레임과 같은 정밀 부품도 생산합니다.","['동전 블랭크 생산', '캔 생산', '스테인리스 스틸 스트립 생산', '리드프레임 합금 생산', '주석 도금 스트립 생산', '바 생산', '알갱이 생산', '정밀 부품 생산']","POONGSAN CORP은 비철금속과 방어 관련 제품을 제조하는데, 동전 블랭크, 캔, 스테인리스 스틸 스트립, 리드프레임 합금, 주석 도금 스트립, 바, 알갱이 및 정밀 부품을 생산합니다. 이 기업의 강점은 다양한 제품 라인업과 정밀 부품 생산 능력이며, 한편으로는 경쟁이 치열한 산업이기 때문에 시장 점유율을 유지하고 성장하기 위한 전략을 강화해야 할 필요가 있습니다. 이 코멘트는 웹 상의 데이터로 학습한 거대한 언어 모델의 출력 결과입니다. 답변의 정확성을 보장할 수는 없습니다.",powered by gpt-3.5-turbo at 2023-06-30
105560 KS,KB FINANCIAL GROUP INC,KB 금융그룹은 관련 회사에 대한 경영 서비스와 자금을 제공하기 위해 국민은행을 포함한 자회사의 전 주주와의 주식 양도에 따라 2008년 9월 29일에 설립되었습니다. 본사는 한국 서울에 위치해 있습니다.,"['은행', '보험', '자산 관리', '증권', '금융 서비스']",KB 금융그룹은 광범위한 금융 서비스 제공으로 인해 시장에서 일등 기업 중 하나입니다. 그러나 세계 경제의 불확실성이나 경기 후퇴에 민감한 업종에서 활동하고 있어 이러한 요인들에 대해 적절히 대처해야 할 필요가 있습니다. 이 코멘트는 웹 상의 데이터로 학습한 거대한 언어 모델의 출력 결과입니다. 답변의 정확성을 보장할 수는 없습니다.,powered by gpt-3.5-turbo at 2023-06-30
105630 KS,HANSAE CO LTD,한새는 OEM(Orginal Equipment Manufacturing) 방식으로 의류를 제조 및 수출합니다. 주로 그 의류를 북미로 배포합니다.,"['의류 제조', '의류 수출', 'OEM 방식']","한새는 의류 제조 및 수출에 전문화된 기업으로, 주로 북미 시장으로 제품을 공급하고 있습니다. 우수한 생산 시스템과 글로벌 네트워크를 갖추고 있지만, 한정된 시장 파악과 경쟁력 강화에 좀 더 주력해야 합니다. 이 코멘트는 웹 상의 데이터로 학습한 거대한 언어 모델의 출력 결과입니다. 답변의 정확성을 보장할 수는 없습니다.",powered by gpt-3.5-turbo at 2023-06-30
111770 KS,YOUNGONE CORP,"영원㈜(YOUNGONE CORP)은 방글라데시, 중국, 베트남 및 태국에 위치한 OEM을 활용하여 의류, 아웃도어 스포츠웨어, 신발 및 가방을 판매 및 수출합니다. 이 회사는 전 세계 의류 및 신발 회사에 제품을 유통하며 한국에서 영업을 진행합니다.","['의류', '아웃도어 스포츠웨어', '신발', '가방']","영원㈜은 OEM을 통해 다양한 제품을 생산하여 세계적으로 유통되는 강점이 있지만, 옷과 신발에 특화되어 있어 다른 산업군에 대한 다각화가 필요합니다. 이 코멘트는 웹 상의 데이터로 학습한 거대한 언어 모델의 출력 결과입니다. 답변의 정확성을 보장할 수는 없습니다.",powered by gpt-3.5-turbo at 2023-06-30
112610 KS,CS WIND CORP,CS WIND CORP는 풍력발전 타워와 알루미늄 타워 플랫폼을 제조 및 수출하는 기업입니다.,"['풍력발전 타워 제조', '알루미늄 타워 플랫폼 제조']","CS WIND CORP는 풍력발전 타워와 알루미늄 타워 플랫폼을 전문적으로 제조하여 수출하고 있으며, 국내외 시장에서 강한 경쟁력을 갖고 있습니다. 하지만, 풍력발전산업의 경쟁이 치열하고, 새로운 기술과 솔루션에 대한 지속적인 투자가 필요한 등 도전적인 측면도 존재합니다. 이 코멘트는 웹 상의 데이터로 학습한 거대한 언어 모델의 출력 결과입니다. 답변의 정확성을 보장할 수는 없습니다.",powered by gpt-3.5-turbo at 2023-06-30
114090 KS,GRAND KOREA LEISURE CO LTD,그랜드 코리아 레저 주식회사는 카지노 사업을 운영합니다.,[],"그랜드 코리아 레저는 카지노 사업을 운영하는 기업이며, 시장에서의 경쟁력과 수익가능성이 뛰어나지만 산업 규제 및 경제 변동성으로 인해 리스크가 있을 수 있습니다. 이 코멘트는 웹 상의 데이터로 학습한 거대한 언어 모델의 출력 결과입니다. 답변의 정확성을 보장할 수는 없습니다.",powered by gpt-3.5-turbo at 2023-06-30
120110 KS,KOLON INDUSTRIES INC,"KOLON INDUSTRIES INC는 나일론사 및 직물, 차묘드, 타이어 코드 직물, 에어백 직물 등의 다양한 화학 섬유와 직물을 제조합니다. 또한 폴리에스터 필름, 나일론 필름, 오디오/비디오 테이프 등의 필름 및 미디어 재료를 생산합니다. 추가로, Kolon은 공학 플라스틱 제품도 생산합니다.","['화학 섬유 제조', '직물 제조', '필름 및 미디어 재료 생산', '공학 플라스틱 제품 생산']","KOLON INDUSTRIES INC는 다양한 화학 섬유와 직물을 제조하는데 특화되어 있으며, 필름 및 미디어 재료, 공학 플라스틱 제품 등 다양한 제품을 생산하는 기업입니다. 이 기업의 강점은 다양한 제품 라인업과 기술력이며, 시장 경쟁력을 갖추고 있습니다. 그러나 경쟁이 치열한 산업이기 때문에 혁신과 효율성을 강화하여 비즈니스 성과를 향상시켜야 할 필요가 있습니다. 이 코멘트는 웹 상의 데이터로 학습한 거대한 언어 모델의 출력 결과입니다. 답변의 정확성을 보장할 수는 없습니다.",powered by gpt-3.5-turbo at 2023-06-30
128940 KS,HANMI PHARM CO LTD,"한미제약은 항생제, 비타민 및 장토닉을 비롯한 의약품을 생산합니다. 또한 음료수를 생산하며, 다른 제약 회사를 위해 연부제를 가공합니다.",[],"한미제약은 의약품을 전문으로 하는 기업으로, 항생제, 비타민 및 장토닉 등을 생산하고 음료수도 생산합니다. 그러나 사업 내용은 자세히 알려지지 않았으며, 장점과 단점에 대해서는 더 많은 정보가 필요합니다. 이 코멘트는 웹 상의 데이터로 학습한 거대한 언어 모델의 출력 결과입니다. 답변의 정확성을 보장할 수는 없습니다.",powered by gpt-3.5-turbo at 2023-06-29
137310 KS,SD BIOSENSOR INC,"SD Biosensor, INC.는 의료 기기 제조 사업을 운영합니다. 회사는 전기 의료 기기 및 기타 제품을 생산합니다. SD Biosensor는 전 세계적으로 사업을 진행하고 있습니다.",[],"SD Biosensor, INC는 의료 기기 제조사로, 전기 의료 기기 및 기타 제품을 생산합니다. 이 기업은 전 세계적으로 사업을 진행하고 있어 국제 시장에서 큰 잠재력을 가지고 있습니다. 그러나 경쟁이 치열하고 투자 및 연구개발에 상당한 자금이 필요한 산업이기 때문에, 적극적인 투자와 혁신적인 아이디어가 필요합니다. 이 기업은 성장 가능성이 있지만 위험도가 높으므로 신중한 투자가 필요합니다. 이 코멘트는 웹 상의 데이터로 학습한 거대한 언어 모델의 출력 결과입니다. 답변의 정확성을 보장할 수는 없습니다.",powered by gpt-3.5-turbo at 2023-06-29
138040 KS,MERITZ FINANCIAL GROUP INC,"메리츠금융그룹은 메리츠증권, 메리츠자산운용, 메리츠금융정보서비스 등을 보유한 지주회사입니다. 회사는 금융 계열사를 관리하고 통제합니다.",[],"메리츠금융그룹은 금융 계열사들을 관리하고 통제하며, 메리츠증권, 메리츠자산운용, 메리츠금융정보서비스 등을 보유하고 있습니다. 이 기업의 강점은 다양한 금융 서비스 분야에서 다양한 계열사를 보유하고 있어서 고객들에게 통합된 서비스를 제공할 수 있다는 점입니다. 그러나 경쟁력 있는 금융 시장에서 존재감을 유지하기 위해서는 지속적인 혁신과 새로운 사업 모델 발굴에 노력해야 할 필요가 있습니다. 이 코멘트는 웹 상의 데이터로 학습한 거대한 언어 모델의 출력 결과입니다. 답변의 정확성을 보장할 수는 없습니다.",powered by gpt-3.5-turbo at 2023-06-30
138930 KS,BNK FINANCIAL GROUP INC,"BNK Financial Group는 소비자 및 상업 은행 분야의 다양한 금융 서비스를 제공하는 지주회사입니다. 주요 사업은 은행, 투자은행 및 자산 관리로, 개인, 기업 및 다른 금융 기관에 대상으로 합니다.","['은행', '투자은행', '자산 관리']","BNK Financial Group은 소비자와 기업에게 다양한 금융 서비스를 제공하는 지주회사로, 은행, 투자은행, 자산 관리 등 다양한 사업 분야에 광범위한 경험과 전문 지식을 가지고 있습니다. 그러나 경쟁이 치열한 금융 시장에서 확장과 성장에 어려움을 겪을 수 있으며, 새로운 시장 동향과 기술적인 변화에 대응하기 위해 끊임없이 새로운 전략과 혁신을 추구해야합니다. 이 코멘트는 웹 상의 데이터로 학습한 거대한 언어 모델의 출력 결과입니다. 답변의 정확성을 보장할 수는 없습니다.",powered by gpt-3.5-turbo at 2023-06-30
139130 KS,DGB FINANCIAL GROUP INC,"DGB Financial Group는 소비자와 기업에게 전체적인 서비스를 제공하는 금융 지주회사입니다. 대구은행, 대구신용정보, DBG 캐피탈 등의 금융 자회사를 운영하고 통제합니다.",['은행 및 금융 서비스 제공'],"DGB Financial Group은 다양한 금융 서비스를 제공하고 있는데, 그 중에서도 대구 지역에서 주요한 기업 중 하나입니다. 그러나 금융 업계에서 많은 경쟁사가 있으므로 참고해야 할 점입니다. 이 코멘트는 웹 상의 데이터로 학습한 거대한 언어 모델의 출력 결과입니다. 답변의 정확성을 보장할 수는 없습니다.",powered by gpt-3.5-turbo at 2023-06-30
139480 KS,E-MART INC,"E-MART Inc는 할인 매장을 운영하는 기업입니다. 이 기업은 식품, 의류, 생활용품, 전자제품 등을 소매로 취급합니다. E-MART는 대한민국 내에서 여러 지점 매장을 통해 고객에게 서비스를 제공합니다.","['식품 소매', '의류 소매', '생활용품 소매', '전자제품 소매']","E-MART Inc는 할인 매장을 운영하는 기업으로, 식품, 의류, 생활용품, 전자제품 등을 다양한 카테고리에서 소매로 취급하고 있습니다. 이 기업의 장점은 다양한 제품군을 제공하여 고객들에게 다양한 선택지를 제공한다는 점입니다. 또한, E-MART는 대규모 매장을 운영하고 있어 다양한 상품을 한곳에서 쉽게 구매할 수 있는 장점이 있습니다. 한편, 경쟁사에 비해 가격 경쟁력이 높아 소비자들에게 인기가 있지만, 인터넷 쇼핑 등 온라인 경쟁사로부터의 도전을 받고 있습니다. 이 코멘트는 웹 상의 데이터로 학습한 거대한 언어 모델의 출력 결과입니다. 답변의 정확성을 보장할 수는 없습니다.",powered by gpt-3.5-turbo at 2023-06-30
161390 KS,HANKOOK TIRE & TECHNOLOGY CO,"한국타이어앤테크놀로지는 타이어 및 튜브 제품을 생산하고 유통하는 회사입니다. 회사는 승용차 타이어, 전기차 타이어, 스포츠 유틸리티 차량 타이어 및 관련 제품을 생산합니다. 한국타이어앤테크놀로지는 한국 전역에서 제품을 마케팅하고 판매합니다.",[],"한국타이어앤테크놀로지는 타이어 및 튜브 제품을 다양하게 생산하며, 한국 전역으로 제품을 판매합니다. 그러나 경쟁이 치열한 타이어 산업에서 경쟁력을 유지하기 위해 지속적인 혁신과 품질 향상이 필요합니다. 이 코멘트는 웹 상의 데이터로 학습한 거대한 언어 모델의 출력 결과입니다. 답변의 정확성을 보장할 수는 없습니다.",powered by gpt-3.5-turbo at 2023-06-30
161890 KS,KOLMAR KOREA CO LTD,KOLMAR KOREA CO LTD는 화장품을 생산하고 유통하는 기업입니다.,"['화장품 제조', '의약품 제조', '건강 관리 제품 제조']",KOLMAR KOREA CO LTD는 화장품을 제조하고 유통하는 능력과 경험을 가지고 있습니다. 그러나 다른 산업 분야에서의 경쟁력은 상대적으로 약합니다. 이 코멘트는 웹 상의 데이터로 학습한 거대한 언어 모델의 출력 결과입니다. 답변의 정확성을 보장할 수는 없습니다.,powered by gpt-3.5-turbo at 2023-06-30
175330 KS,JB FINANCIAL GROUP CO LTD,"JB Financial Group Co. Ltd는 소비자 및 상업 은행과 관련된 다양한 금융 서비스를 제공하는 지주회사입니다. 회사는 또한 자동차 할부금융, 임대금융, 주택 할부 대출, 주택 담보 대출 및 개인 대출을 포함한 자산 관리 서비스와 에너지 및 자원 기금 시장을 위한 서비스를 제공합니다.","['은행 서비스 제공', '자동차 할부금융', '임대금융', '주택 할부 대출', '주택 담보 대출', '개인 대출', '자산 관리 서비스', '에너지 및 자원 기금 시장 서비스']",JB Financial Group Co. Ltd는 소비자와 상업 은행과 관련된 다양한 금융 서비스를 제공하는 전문 기업입니다. 그러나 경쟁이 치열하고 시장의 변동성이 높아 안정성과 성장성에 주의해야 합니다. 또한 다양한 자산 관리 서비스를 제공하여 포트폴리오 다변화를 장려하고 있습니다. 이 코멘트는 웹 상의 데이터로 학습한 거대한 언어 모델의 출력 결과입니다. 답변의 정확성을 보장할 수는 없습니다.,powered by gpt-3.5-turbo at 2023-06-30
178920 KS,PI ADVANCED MATERIALS CO LTD,"PI Advanced Materials Co., Ltd.는 플라스틱 필름을 제조 및 판매하는 기업입니다. 이 회사는 폴리이미드 필름 및 기타 제품을 생산 및 판매합니다. PI Advanced Materials는 한국에서 사업을 진행하고 있습니다.",[],"PI Advanced Materials Co., Ltd.는 플라스틱 필름 제조 및 판매에 전문화된 기업이며 한국에서 사업을 수행하고 있습니다. 이 기업의 장점은 플라스틱 필름 제조 분야에서의 경험과 전문적 지식이며, 한국 시장에 대한 깊은 이해가 있습니다. 그러나 경쟁적인 시장에서는 기술 혁신과 차별화된 제품 개발에 주의를 기울여야 합니다. 이 코멘트는 웹 상의 데이터로 학습한 거대한 언어 모델의 출력 결과입니다. 답변의 정확성을 보장할 수는 없습니다.",powered by gpt-3.5-turbo at 2023-06-30
180640 KS,HANJIN KAL CORP,"한진칼은 항공, 호텔, 여행 관련 서비스를 제공하는 자회사를 통해 사업을 진행하는 지주회사입니다. 또한, 한진은 부동산에도 투자하고 있습니다.","['항공사', '호텔', '여행 관련 서비스', '부동산 투자']",한진칼의 장점은 다양한 사업 분야에서의 다각화된 포트폴리오와 글로벌 네트워크를 갖추고 있다는 것입니다. 하지만 경쟁이 치열한 항공사 업계에서 경쟁력을 유지하기 위해서는 지속적인 혁신과 비용 절감을 추진해야 합니다. 이 코멘트는 웹 상의 데이터로 학습한 거대한 언어 모델의 출력 결과입니다. 답변의 정확성을 보장할 수는 없습니다.,powered by gpt-3.5-turbo at 2023-07-04
185750 KS,CHONG KUN DANG PHARMACEUTICA,"종근당제약은 내과학제, 심혈관계통합국, 위장알러지담당계통합국, 대사, 감각기관에 대한 의약품을 제조하는 기업입니다.","['내과학제', '심혈관계통합국', '위장알러지담당계통합국', '대사', '감각기관']","종근당제약은 의약품 제조 업계에서 지속적인 성장세를 보이고 있으며, 내과학제, 심혈관계통합국, 위장알러지담당계통합국, 대사, 감각기관 관련 제품들을 전문으로 생산하고 있습니다. 그러나 경쟁이 치열하고 정부 규제에 대한 영향력도 크기 때문에 새로운 시장 개척과 혁신이 필요합니다. 이 코멘트는 웹 상의 데이터로 학습한 거대한 언어 모델의 출력 결과입니다. 답변의 정확성을 보장할 수는 없습니다.",powered by gpt-3.5-turbo at 2023-06-29
192080 KS,DOUBLEUGAMES CO LTD,더블유게임즈는 온라인 및 모바일 게임을 개발하고 마케팅하는 기업입니다. 주로 더블유카지노와 더블유빙고 등 소셜 카지노 게임을 개발하고 있습니다.,"['게임 개발', '게임 마케팅']",더블유게임즈는 온라인 및 모바일 게임 분야에서 활발한 게임 개발과 마케팅을 통해 업계에서 성공적인 기업입니다. 그러나 경쟁이 치열한 게임 시장에서는 차별화된 게임 콘텐츠와 적절한 마케팅 전략이 필요합니다. 이 코멘트는 웹 상의 데이터로 학습한 거대한 언어 모델의 출력 결과입니다. 답변의 정확성을 보장할 수는 없습니다.,powered by gpt-3.5-turbo at 2023-06-30
192820 KS,COSMAX INC,"코스맥스는 화장품 제조사로, 기본 및 특수 피부 관리, 메이크업, 헤어 케어 및 기타 뷰티 제품과 같은 다양한 화장품을 남성 및 여성용으로 개발하고 생산합니다. 코스맥스는 원산지 장비 제조(OEM) 기반으로 제품을 생산합니다.",[],"코스맥스는 화장품 제조사로 주로 OEM(OEM) 기반으로 제품을 생산하는 것이 큰 장점이며, 다양한 화장품 제품군을 제공함으로써 고객 수요를 충족시킬 수 있는 유연성을 가지고 있습니다. 단점으로는 피부 관리, 메이크업, 헤어 케어 등 다양한 분야에서 경쟁이 치열하며, 시장 변동에 따른 안정성의 어려움이 있을 수 있습니다. 이 코멘트는 웹 상의 데이터로 학습한 거대한 언어 모델의 출력 결과입니다. 답변의 정확성을 보장할 수는 없습니다.",powered by gpt-3.5-turbo at 2023-06-30
204320 KS,HL MANDO CO LTD,"HL Mando는 수소 연료 전환기, 레이더, 카메라, 리다 등과 같은 자동차 부품을 제조 및 유통하는 기업입니다. 또한 HL Mando는 자율 주행, 차량 예측 유지 보수 및 진단, 클라우드 기반 데이터 서비스도 제공합니다.","['자동차 부품 제조 및 유통', '수소 연료 전환기 제조 및 유통', '레이더 제조 및 유통', '카메라 제조 및 유통', '리다 제조 및 유통', '자율 주행 기술 제공', '차량 예측 유지 보수 및 진단 서비스', '클라우드 기반 데이터 서비스 제공']","HL Mando는 자동차 부품 제조 및 유통을 전문으로 하는 기업으로, 수소 연료 전환기, 레이더, 카메라 및 리다 등과 같은 제품을 제공합니다. 또한 자율 주행 기술과 차량 예측 유지 보수 및 진단 서비스, 클라우드 기반 데이터 서비스도 제공하고 있습니다. 장점으로는 풍부한 제품 라인업과 고객에 대한 다양한 서비스를 제공할 수 있는 능력이 있으며, 단점으로는 경쟁이 치열한 자동차 부품 시장에서 성장을 지속할 수 있는지에 대한 Unsustainability가 우려됩니다. 이 코멘트는 웹 상의 데이터로 학습한 거대한 언어 모델의 출력 결과입니다. 답변의 정확성을 보장할 수는 없습니다.",powered by gpt-3.5-turbo at 2023-06-30
207940 KS,SAMSUNG BIOLOGICS CO LTD,삼성바이오로직스는 생물의료제품을 제조하는 회사입니다. 제품을 개발하고 개선하며 생물의약품을 유통합니다.,[],"삼성바이오로직스는 생물의료제품 제조 분야에서 선두 주자로 알려져 있으며, 제품의 개발과 생산에 관한 기술력과 높은 품질로 유명합니다. 하지만 저에게는 이 기업의 약점에 대한 정보가 없습니다. 이 코멘트는 웹 상의 데이터로 학습한 거대한 언어 모델의 출력 결과입니다. 답변의 정확성을 보장할 수는 없습니다.",powered by gpt-3.5-turbo at 2023-06-29
241560 KS,DOOSAN BOBCAT INC,"두산보빅 주식회사는 건설 장비를 제조합니다. 회사는 로더, 굴삭기, 압축기, 드릴 모듈, 발전기 및 기타 장비를 제공합니다. 두산보빅은 또한 건설 기계를 제조합니다.","['로더', '굴삭기', '압축기', '드릴 모듈', '발전기', '기타 장비']","두산보빅 주식회사의 장점은 다양한 건설 장비를 제조하고, 오랜 역사와 풍부한 경험을 가지고 있다는 것입니다. 또한 높은 품질과 성능을 자랑하며 고객에게 신뢰를 줄 수 있습니다. 그러나 경쟁력 있는 시장에서는 가격 경쟁력이 부족할 수 있습니다. 이 코멘트는 웹 상의 데이터로 학습한 거대한 언어 모델의 출력 결과입니다. 답변의 정확성을 보장할 수는 없습니다.",powered by gpt-3.5-turbo at 2023-06-30
241590 KS,HWASEUNG ENTERPRISE CO LTD,후와성기업은 ODM(Original Development Manufacturing)과 OEM(Original Equipment Manufacturing)을 통해 운동화를 제조합니다. 이 회사는 Adidas와 Reebok에 제품을 공급합니다.,[],후와성기업의 장점은 Adidas와 Reebok과 같은 유명한 브랜드에 제품을 공급하는 것입니다. 하지만 사업 내용에 대한 정보 부재로 인해 더 자세한 평가를 할 수 없습니다. 이 코멘트는 웹 상의 데이터로 학습한 거대한 언어 모델의 출력 결과입니다. 답변의 정확성을 보장할 수는 없습니다.,powered by gpt-3.5-turbo at 2023-06-30
251270 KS,NETMARBLE CORP,"넷마블은 모바일 게임을 개발하고 배포하는 기업입니다. 넷마블은 캐주얼 게임, 액션, 스포츠 게임, 전략, 시뮬레이션 게임 및 소셜 카지노 게임을 개발하고 배포합니다. 넷마블은 전세계 서비스를 제공합니다.","['개발 및 배포', '캐주얼 게임', '액션 게임', '스포츠 게임', '전략 게임', '시뮬레이션 게임', '소셜 카지노 게임']","넷마블은 모바일 게임 개발 및 배포에 전문화된 기업으로, 캐주얼 게임부터 전략, 시뮬레이션 게임과 소셜 카지노 게임까지 다양한 장르의 게임을 다루고 있습니다. 전세계 서비스를 제공하기 때문에 글로벌 시장에서도 성과를 거두고 있습니다. 그러나 경쟁이 치열한 게임 시장에서 성공을 이루기 위해서는 차별화된 콘텐츠 개발과 효과적인 마케팅 전략이 필요합니다. 이 코멘트는 웹 상의 데이터로 학습한 거대한 언어 모델의 출력 결과입니다. 답변의 정확성을 보장할 수는 없습니다.",powered by gpt-3.5-turbo at 2023-06-29
259960 KS,KRAFTON INC,"KRAFTON INC는 게임 개발 회사로, 콘솔 게임, 모바일 게임, 컴퓨터 게임 및 관련 제품을 개발합니다. Krafton은 제품을 대한민국 전역에서 마케팅합니다.",[],"KRAFTON INC는 게임 개발 분야에서 독보적인 입지를 갖고 있으며, 다양한 플랫폼에서 우수한 게임을 개발하고 있습니다. 그러나 시장 경쟁이 치열하고, 새로운 기술과 트렌드에 대한 대응력을 강화해야 합니다. 이 코멘트는 웹 상의 데이터로 학습한 거대한 언어 모델의 출력 결과입니다. 답변의 정확성을 보장할 수는 없습니다.",powered by gpt-3.5-turbo at 2023-06-29
267250 KS,HD HYUNDAI,"HD Hyundai는 석유 정제 회사로, 원유 정제, 석유 정제 및 기타 관련 제품을 제공합니다. HD Hyundai는 전세계에 제품을 판매합니다.",[],HD Hyundai는 석유 정제사업에 참여하여 글로벌 시장에서 제품을 판매하는 회사입니다. 이 코멘트는 웹 상의 데이터로 학습한 거대한 언어 모델의 출력 결과입니다. 답변의 정확성을 보장할 수는 없습니다.,powered by gpt-3.5-turbo at 2023-06-29
271560 KS,ORION CORP/REPUBLIC OF KOREA,"대한민국의 오리온 주식회사는 스낵과 음료를 제조 및 유통합니다. 회사는 비스킷, 캔디, 젤리, 껌, 초콜릿, 파이 등을 제공합니다. 오리온은 또한 영화 제작과 투자에 종사합니다.","['스낵 제조 및 유통', '영화 제작 및 투자']",오리온 주식회사는 스낵 제조 및 유통사로서 다양한 제품을 생산하고 있습니다. 또한 영화 제작 및 투자에도 참여하고 있어 다양한 사업분야에서 활동하고 있습니다. 이러한 다양한 사업 영역을 갖고 있기 때문에 기업의 성장 가능성이 큽니다. 그러나 경쟁이 치열한 식품 산업에서 경쟁력을 유지하기 위해서는 지속적인 혁신과 마케팅 노력이 필요합니다. 이 코멘트는 웹 상의 데이터로 학습한 거대한 언어 모델의 출력 결과입니다. 답변의 정확성을 보장할 수는 없습니다.,powered by gpt-3.5-turbo at 2023-06-30
271940 KS,ILJIN HYSOLUS CO LTD,"Iljin Hysolus Co., Ltd.는 환경 문제 해결 사업을 운영합니다. 회사는 수소 솔루션, CNG 솔루션, 디젤 솔루션 및 기타 서비스를 제공합니다. Iljin Hysolus는 대한민국에서 사업을 진행하고 있습니다.",[],"ILJIN HYSOLUS CO LTD는 환경 문제 해결 사업을 운영하고 있습니다. 이 기업의 강점은 다양한 솔루션과 서비스를 제공하는 것입니다. 그러나, 이 기업의 단점은 사업 내용에 대한 자세한 정보가 없어 신뢰성 측면에서 약간의 불편함이 있을 수 있습니다. 이 코멘트는 웹 상의 데이터로 학습한 거대한 언어 모델의 출력 결과입니다. 답변의 정확성을 보장할 수는 없습니다.",powered by gpt-3.5-turbo at 2023-06-30
272210 KS,HANWHA SYSTEMS CO LTD,"한화시스템은 국방산업을 위한 하이테크 시스템을 설계, 개발 및 공급하는 기업입니다. 이 회사는 전술 통신 시스템, 레이더 시스템, 해상 전투 시스템, 전기 광학 장비 및 화력 제어 시스템을 제조합니다. 한화시스템은 주로 한국 내에서 제품을 판매합니다.","['전술 통신 시스템 제조', '레이더 시스템 제조', '해상 전투 시스템 제조', '전기 광학 장비 제조', '화력 제어 시스템 제조']","한화시스템은 국방산업을 위한 다양한 고급 기술 시스템을 제조하며, 전투 효율성을 향상시키고 안보를 보장하는 일에 주력하고 있습니다. 그러나 이 회사는 국내 시장에 경쟁사가 많아 시장 점유율을 확대하기 위한 전략적 노력을 해야 할 필요가 있습니다. 이 코멘트는 웹 상의 데이터로 학습한 거대한 언어 모델의 출력 결과입니다. 답변의 정확성을 보장할 수는 없습니다.",powered by gpt-3.5-turbo at 2023-06-30
280360 KS,LOTTE WELLFOOD CO LTD,"롯데 웰푸드는 스낵 푸드와 제과류 제조 회사로 운영되고 있습니다. 해당 기업은 냉동 제과, 햄, 간식 등과 관련된 제품을 생산합니다. 롯데 웰푸드는 또한 아이스크림, 식용 기름과 지방, 고기와 우유 가공 서비스를 제공합니다.","['스낵 푸드 제조', '제과류 제조', '냉동 제과', '감식 제조', '아이스크림 제조', '식용 기름과 지방 생산', '고기와 우유 가공 서비스']","롯데 웰푸드의 장점은 다양한 고객층을 대상으로 하는 다양한 제품 라인업과 오랜 업계 경험이 있으며, 다른 롯데 계열사와의 시너지 효과를 가질 수 있다는 것입니다. 하지만 경쟁이 치열하고 많은 제품 범주를 다루기 때문에 관리와 마케팅에 주의해야 합니다. 이 코멘트는 웹 상의 데이터로 학습한 거대한 언어 모델의 출력 결과입니다. 답변의 정확성을 보장할 수는 없습니다.",powered by gpt-3.5-turbo at 2023-06-30
282330 KS,BGF RETAIL CO LTD,BGF Retail은 한국 전역에 제품을 홍보하는 편의점 회사입니다.,"['delicatessen', 'sweets', 'snacks', 'beverages', 'tobacco', 'other related products']",BGF Retail은 한국에서 많은 제품을 홍보하고 있지만 경쟁이 치열하여 힘들 때도 있습니다. 그러나 소비자들은 편리함을 좋아하기 때문에 성장 잠재력이 여전히 크다고 말할 수 있습니다. 이 코멘트는 웹 상의 데이터로 학습한 거대한 언어 모델의 출력 결과입니다. 답변의 정확성을 보장할 수는 없습니다.,powered by gpt-3.5-turbo at 2023-06-30
284740 KS,CUCKOO HOMESYS CO LTD,"CUCKOO HOMESYS CO LTD는 주방 가전제품을 생산하는 기업입니다. 이 기업은 전기 압력솥, 식기 세척기, 믹서기, 정수기 등 다양한 제품을 생산하고 판매합니다. 또한 CUCKOO HOMESYS는 주방 가전제품 수출 서비스도 제공합니다. CUCKOO HOMESYS는 제품을 전 세계적으로 마케팅합니다.","['전기 압력솥', '식기 세척기', '믹서기', '정수기', '기타']",CUCKOO HOMESYS CO LTD는 주방 가전제품 제조업체로 국제적으로 제품을 마케팅하고 있습니다. 그러나 다양한 제품 라인업을 가지고 있어 세분화된 시장에 대응해야 합니다. 이 코멘트는 웹 상의 데이터로 학습한 거대한 언어 모델의 출력 결과입니다. 답변의 정확성을 보장할 수는 없습니다.,powered by gpt-3.5-turbo at 2023-06-30
285130 KS,SK CHEMICALS CO LTD,"에스케이 케미칼은 환경 친화적인 소재를 생산하는 기업입니다. 회사는 복합 소재, 고성능 소재, 에너지 절약 소재 및 기타 제품을 생산 및 판매합니다. 에스케이 케미칼은 또한 총 건강관리 솔루션 서비스를 제공합니다. 에스케이 케미칼은 전 세계 고객을 대상으로 영업하고 있습니다.","['화학', '소재 생산', '에너지 절약 소재', '복합 소재', '고성능 소재', '총 건강관리 솔루션 서비스']","에스케이 케미칼은 환경 친화적인 소재를 생산하는데 주력하고 있으며, 복합 소재, 고성능 소재, 에너지 절약 소재 등 다양한 제품을 판매하고 있습니다. 또한, 총 건강관리 솔루션 서비스를 제공하여 고객의 다양한 요구를 충족시키고 있습니다. 그러나 경쟁이 치열한 화학 산업에서 성장을 이어나가기 위해서는 지속적인 기술혁신과 시장 변화에 대한 민감성이 필요합니다. 이 코멘트는 웹 상의 데이터로 학습한 거대한 언어 모델의 출력 결과입니다. 답변의 정확성을 보장할 수는 없습니다.",powered by gpt-3.5-turbo at 2023-06-30
294870 KS,HDC HYUNDAI DEVELOPMENT CO-E,"HDC Hyundai Development Co-Engineering & Construction은 건설 서비스를 제공합니다. 이 회사는 공장, 사무실 및 상업용 건물, 호텔 및 창고를 건설합니다. HDC Hyundai Development Co-Engineering & Construction은 한국 전역에서 서비스를 제공합니다.",['건설 서비스'],"HDC Hyundai Development Co-Engineering & Construction은 건설 서비스를 제공하는 기업으로서, 한국 전역에서 다양한 프로젝트에 참여하고 있습니다. 그러나 경쟁이 치열하고, 시장 변동성에 영향을 받을 수 있다는 단점도 있습니다. 이 코멘트는 웹 상의 데이터로 학습한 거대한 언어 모델의 출력 결과입니다. 답변의 정확성을 보장할 수는 없습니다.",powered by gpt-3.5-turbo at 2023-06-30
298020 KS,HYOSUNG TNC CORP,"효성 TNC는 섬유 제품을 제조 및 유통하는 회사입니다. 이 회사는 나일론, 폴리에스터 실, 직물 및 관련 제품을 생산합니다. 효성 TNC는 또한 강철 및 화학 물질을 거래합니다.","['나일론 제조', '폴리에스터 실 제조', '직물 생산', '강철 및 화학 물질 거래']",효성 TNC는 섬유 제품 분야에서 경쟁력을 가지고 있습니다. 하지만 다양한 사업 영역에서 활동하고 있어 리스크가 존재합니다. 이 코멘트는 웹 상의 데이터로 학습한 거대한 언어 모델의 출력 결과입니다. 답변의 정확성을 보장할 수는 없습니다.,powered by gpt-3.5-turbo at 2023-06-30
298050 KS,HYOSUNG ADVANCED MATERIALS C,"Hyosung Advanced Materials Corporation는 고급 소재 생산 기업으로 운영됩니다. 이 회사는 고강도 산업용 실, 원단, 철강 와이어 소재 등을 제조 및 판매합니다. Hyosung Advanced Materials는 세계적으로 제품을 마케팅하고 있습니다.","['고강도 산업용 실 제조', '원단 제조', '철강 와이어 소재 제조']",Hyosung Advanced Materials Corporation은 고강도 소재의 전문가입니다. 그러나 시장 경쟁이 치열하고 글로벌 마켓 점유율을 확대하는데 어려움이 있을 수 있습니다. 기술력과 품질 제품에 대한 탁월한 평판을 가지고 있으며 세계적으로 인정받고 있습니다. 그러나 이 회사가 새로운 시장 동향을 파악하고 혁신적인 제품을 개발하는데 더욱 노력해야 할 것입니다. 이 코멘트는 웹 상의 데이터로 학습한 거대한 언어 모델의 출력 결과입니다. 답변의 정확성을 보장할 수는 없습니다.,powered by gpt-3.5-turbo at 2023-06-30
300720 KS,HANIL CEMENT CO LTD/NEW,"한일시멘트는 시멘트 제조 기업으로, 시멘트, 특수 시멘트, 미리 섞인 콘크리트 제품, 고형화 추가제 및 기타 제품을 생산하고 판매합니다. 한일시멘트는 한국 전역에서 제품을 마케팅하고 있습니다.","['시멘트 생산', '특수 시멘트 생산', '미리 섞인 콘크리트 제품 생산', '고형화 추가제 생산', '기타 제품 생산']","한일시멘트는 시멘트 제조 업체로써 한국 전역에서 다양한 제품들을 생산하여 마케팅하고 있습니다. 이 기업의 강점은 안정적인 시멘트 생산과 다양한 제품 라인업이며, 약점은 경쟁력 있는 가격 정책 및 국내 외 경쟁사와의 경쟁입니다. 이 코멘트는 웹 상의 데이터로 학습한 거대한 언어 모델의 출력 결과입니다. 답변의 정확성을 보장할 수는 없습니다.",powered by gpt-3.5-turbo at 2023-06-30
302440 KS,SK BIOSCIENCE CO LTD,"SK BIOSCIENCE CO LTD는 생물 의약품 사업을 운영합니다. 회사는 백신, 스카이셀플루 주사기, 스카이셀플루 4가주사기, 수두병 의약품 등과 관련 제품을 생산합니다. SK BIOSCIENCE는 한국 전역에 제품을 마케팅하고 있습니다.","['생물 의약품 생산', '백신 생산', '스카이셀플루 주사기 생산', '스카이셀플루 4가주사기 생산', '수두병 의약품 생산']","SK BIOSCIENCE CO LTD는 생물 의약품 사업을 운영하는데, 백신과 스카이셀플루 주사기 등 관련 제품을 생산하고 있습니다. 이 기업은 한국 내에서 제품을 홍보하며 성장 잠재력을 갖고 있지만, 경쟁력을 유지하기 위해 혁신과 다변화가 필요할 것입니다. 이 코멘트는 웹 상의 데이터로 학습한 거대한 언어 모델의 출력 결과입니다. 답변의 정확성을 보장할 수는 없습니다.",powered by gpt-3.5-turbo at 2023-06-29
316140 KS,WOORI FINANCIAL GROUP INC,"우리금융그룹은 상업은행 서비스를 제공하는 금융그룹입니다. 예금 서비스, 대출 서비스, 어음 서비스, 결제 서비스, 신용카드, 국제 거래, 온라인 뱅킹 및 그 밖의 관련 서비스를 제공합니다. 또한 우리금융그룹은 은행 및 소매 은행 사업도 운영하고 있습니다.","['예금 서비스 제공', '대출 서비스 제공', '어음 서비스 제공', '결제 서비스 제공', '신용카드', '국제 거래', '온라인 뱅킹', '기타 관련 서비스']","우리금융그룹은 상업은행 서비스를 제공하는 금융그룹으로, 다양한 금융 서비스를 제공하고 있습니다. 이 기업의 장점은 수많은 서비스 항목과 다양한 금융 업무를 보유하고 있다는 것입니다. 한편, 경쟁이 치열한 금융 시장에서 다른 경쟁사들과의 견고한 경쟁력을 갖추어야 한다는 점은 개선이 필요한 부분입니다. 이 코멘트는 웹 상의 데이터로 학습한 거대한 언어 모델의 출력 결과입니다. 답변의 정확성을 보장할 수는 없습니다.",powered by gpt-3.5-turbo at 2023-06-30
323410 KS,KAKAOBANK CORP,"카카오뱅크는 예금 및 인출 서비스, 신용카드, 주식 계좌, 연계 대출 등을 제공하는 대한민국의 은행 기업입니다.","['예금', '인출', '신용카드', '주식 계좌', '연계 대출 등의 서비스 제공']","카카오뱅크는 대한민국에서 기업 은행 업무를 수행하는 회사로, 예금, 인출, 신용카드, 주식 계좌, 연계 대출 등 다양한 서비스를 제공합니다. 이 코멘트는 웹 상의 데이터로 학습한 거대한 언어 모델의 출력 결과입니다. 답변의 정확성을 보장할 수는 없습니다.",powered by gpt-3.5-turbo at 2023-06-30
326030 KS,SK BIOPHARMACEUTICALS CO LTD,"SK 바이오제약은 신약을 연구, 개발하는 기업입니다. 이 회사는 뇌 질환 치료 약제, 중추 신경계 질환 치료 약제 및 기타 제품을 개발하고 시장에 내놓습니다. SK 바이오제약은 전 세계적으로 제품을 판매합니다.",[],SK 바이오제약은 신약 연구 및 개발에 주력하고 있으며 뇌 질환 및 중추 신경계 질환 치료제를 개발하고 전 세계적으로 판매하고 있습니다. 그러나 사업 영향력과 시장 점유율은 파악하지 못하였습니다. 또한 잠재적인 성장 기회나 위험 요소에 대해서도 알 수 없습니다. 이 코멘트는 웹 상의 데이터로 학습한 거대한 언어 모델의 출력 결과입니다. 답변의 정확성을 보장할 수는 없습니다.,powered by gpt-3.5-turbo at 2023-06-29
329180 KS,HD HYUNDAI HEAVY INDUSTRIES,"HD 현대중공업은 조선 기업으로 해군 조선, 산업 조선, 원유 탱커, 화물선, 컨테이너선 및 관련 서비스를 제공합니다. HD 현대중공업은 또한 해상 및 엔지니어링, 엔진 및 기계, 해상, 산업 및 해양 플랜트 서비스도 제공합니다.","['해군 조선', '산업 조선', '원유 탱커', '화물선', '컨테이너선', '해상 및 엔지니어링', '엔진 및 기계', '해상', '산업 및 해양 플랜트']",HD 현대중공업은 조선 분야에서 강점을 가지며 글로벌 시장에서 경쟁력을 갖고 있습니다. 그러나 선박 수요의 변동성과 경쟁 상황에 민감하게 반응해야 하는 도전적인 환경 속에서 사업을 진행하고 있습니다. 이 코멘트는 웹 상의 데이터로 학습한 거대한 언어 모델의 출력 결과입니다. 답변의 정확성을 보장할 수는 없습니다.,powered by gpt-3.5-turbo at 2023-06-30
336260 KS,DOOSAN FUEL CELL CO LTD,두산퓨얼셀은 셀 제품을 생산하고 판매하는 회사입니다. 두산 퓨얼셀은 주택용 소형 연료전지와 기타 제품들을 개발하고 판매합니다. 두산 퓨얼셀은 전 세계적으로 제품을 마케팅하고 있습니다.,"['셀 제품 생산', '판매', '주택용 연료전지 개발', '판매']","두산 퓨얼셀은 셀 제품의 생산과 판매에 전념하고 있으며, 주택용 연료전지 개발 분야에서도 선도적인 위치를 차지하고 있습니다. 그러나 업계 경쟁이 치열하여 고객 확장과 시장 점유율 확대에 노력이 필요합니다. 이 코멘트는 웹 상의 데이터로 학습한 거대한 언어 모델의 출력 결과입니다. 답변의 정확성을 보장할 수는 없습니다.",powered by gpt-3.5-turbo at 2023-06-30
352820 KS,HYBE CO LTD,"하이브는 음악 제작, 앨범 배급, 연예인 매니지먼트, 홍보, 기획, 훈련 및 기타 서비스를 제공하는 엔터테인먼트 회사입니다. 하이브는 또한 텔레비전 프로그램도 제작합니다.","['음악 제작', '앨범 배급', '연예인 매니지먼트', '홍보', '기획', '훈련', '기타 서비스', '텔레비전 프로그램 제작']","하이브는 음악 및 연예인 관련 다양한 서비스를 제공하며 특히 음악 제작, 앨범 배급, 연예인 매니지먼트 등에 강점을 가지고 있습니다. 다만, 경쟁이 치열하고 예측 불가능한 엔터테인먼트 업계에서의 성공을 유지하기 위해서는 계속된 창의성과 혁신이 필요합니다. 이 코멘트는 웹 상의 데이터로 학습한 거대한 언어 모델의 출력 결과입니다. 답변의 정확성을 보장할 수는 없습니다.",powered by gpt-3.5-turbo at 2023-06-29
361610 KS,SK IE TECHNOLOGY CO LTD,"SK IE Technology Co., Ltd는 소재 솔루션 제공업체로서 정보 소재 솔루션, 전자 소재 솔루션 및 기타 제품을 제공합니다. SK IE Technology는 전 세계적으로 사업을 진행합니다.",[],"SK IE Technology Co., Ltd는 금융 시장에서 많은 관심을 받고 있는 기업입니다. 이 기업의 장점으로는 다양한 솔루션을 제공하고 글로벌 사업 영역을 보유하고 있다는 것이 있습니다. 또한, 기술적인 우위를 가지고 있어 시장에서의 경쟁력이 뛰어난 편입니다. 하지만, 경쟁적인 시장 환경에 직면해 있어 상당한 경쟁압력을 받고 있습니다. 이 코멘트는 웹 상의 데이터로 학습한 거대한 언어 모델의 출력 결과입니다. 답변의 정확성을 보장할 수는 없습니다.",powered by gpt-3.5-turbo at 2023-06-30
373220 KS,LG ENERGY SOLUTION,"LG 에너지 솔루션은 배터리를 생산하고 판매하는 기업입니다. 회사는 자동차 배터리, 소형 배터리, 에너지 저장 시스템 배터리 등을 생산하고 판매합니다. LG 에너지 솔루션은 제품을 전 세계적으로 마케팅하고 있습니다.","['자동차 배터리 생산', '소형 배터리 생산', '에너지 저장 시스템 배터리 생산', '기타 제품 생산']",LG 에너지 솔루션은 배터리 생산 분야에서 세계적인 기업으로 인정받고 있습니다. 그러나 경쟁이 치열한 시장이기 때문에 신속한 기술 혁신과 효율적인 생산 공정을 유지해야 합니다. 이 코멘트는 웹 상의 데이터로 학습한 거대한 언어 모델의 출력 결과입니다. 답변의 정확성을 보장할 수는 없습니다.,powered by gpt-3.5-turbo at 2023-06-30
375500 KS,DL E&C CO LTD,"DL E&C는 건설 서비스를 제공하는 기업입니다. 회사는 산업 플랜트, 인프라, 고층 주거용 건물, 저층 아파트, 빌라 등과 관련된 분야에 건설 서비스를 제공합니다. DL E&C는 한국에서 서비스를 제공합니다.","['산업 플랜트 건설', '인프라 건설', '고층 주거용 건물 건설', '저층 아파트 건설', '빌라 건설']","DL E&C는 건설 서비스를 제공하는 기업으로, 산업 플랜트 건설, 인프라 건설, 주거용 건물 건설 등 다양한 분야에서 활동하고 있습니다. 장점은 전문성과 다양한 건설 서비스 제공이며, 단점은 시장 경쟁력과 경제 상황의 변동에 따른 영향을 받을 수 있다는 점입니다. 이 코멘트는 웹 상의 데이터로 학습한 거대한 언어 모델의 출력 결과입니다. 답변의 정확성을 보장할 수는 없습니다.",powered by gpt-3.5-turbo at 2023-06-30
377300 KS,KAKAOPAY CORP,"카카오페이는 금융 사업을 운영합니다. 온라인 결제, 화폐 암호화 및 기타 서비스를 제공합니다. 카카오페이는 한국에서 사업을 진행하고 있습니다.","['온라인 결제', '화폐 암호화 서비스', '기타 서비스']","KAKAOPAY CORP은 카카오페이라는 온라인 결제 및 화폐 암호화 서비스를 제공하는 기업으로, 한국에서 사업을 진행하고 있습니다. 장점으로는 새로운 디지털 금융 시대에 발맞춰 혁신적인 서비스를 제공하고 있으며, 카카오 그룹의 강력한 브랜드 파워를 가지고 있습니다. 하지만, 경쟁이 치열한 금융 산업에서 선도적인 위치를 유지하기 위해 지속적인 혁신과 경영 전략의 구체적인 발전이 필요합니다. 이 코멘트는 웹 상의 데이터로 학습한 거대한 언어 모델의 출력 결과입니다. 답변의 정확성을 보장할 수는 없습니다.",powered by gpt-3.5-turbo at 2023-06-30
381970 KS,K CAR CO LTD,"K Car Co., Ltd.는 중고 자동차를 소매로 판매합니다. 회사는 세단, 상용 차량, 경차, 다목적 차량, 중고 차량 및 기타 관련 자동차를 유통합니다. K Car는 한국 전역에서 제품을 마케팅합니다.",[],"K Car Co., Ltd.는 한국에서 중고 자동차를 소매로 판매하는 회사입니다. 이 회사의 장점은 다양한 차량 유형을 제공하고 한국 전역에 제품을 공급하는 선진 인프라를 가지고 있다는 점입니다. 그러나 경쟁이 치열하고 중고 차량 시장의 불확실성이 있는 등의 단점도 있습니다. 이 코멘트는 웹 상의 데이터로 학습한 거대한 언어 모델의 출력 결과입니다. 답변의 정확성을 보장할 수는 없습니다.",powered by gpt-3.5-turbo at 2023-06-30
383220 KS,F&F CO LTD / NEW,F&F는 한국에서 옷 생산 사업을 운영하는 기업입니다.,"['코트 제작', '셔츠 제작', '자켓 제작', '기타 의류 제작']","F&F는 옷 생산 사업을 운영하고 있으며, 코트, 셔츠, 자켓 등의 다양한 의류를 제작합니다. 현재 한국에서 사업을 진행하고 있으며, 주요 장점은 다양한 의류 생산 능력과 신속한 공급능력을 갖추었다는 것입니다. 그러나 경쟁이 치열하며, 새로운 트렌드나 소비자 요구 변화에 대응하기 위해서는 지속적인 연구와 혁신이 필요합니다. 이 코멘트는 웹 상의 데이터로 학습한 거대한 언어 모델의 출력 결과입니다. 답변의 정확성을 보장할 수는 없습니다.",powered by gpt-3.5-turbo at 2023-06-30
402340 KS,SK SQUARE CO LTD,"SK Square는 세미컨덕터, 정보통신 기술 및 기타 산업에 투자하는 투자회사입니다. SK Square는 한국에서 사업을 진행하고 있습니다.","['Semiconductors', 'Information and Communications Technologies', 'Other Industries']","SK Square는 세미컨덕터와 정보통신 기술 등 다양한 산업에 투자하며, 한국에서 사업을 진행하고 있습니다. 이 기업의 장점은 다양한 신규 기술 산업에 대한 투자로 인한 성장 가능성이 크다는 것이고, 단점은 산업별로 경쟁력을 유지하기 위해 효율적인 운영이 요구된다는 점입니다. 이 코멘트는 웹 상의 데이터로 학습한 거대한 언어 모델의 출력 결과입니다. 답변의 정확성을 보장할 수는 없습니다.",powered by gpt-3.5-turbo at 2023-07-04
